vectorName,vectorAddress,postal_code,lat,lon
Bensyl Consultancy Services Pte Ltd,17 Up Circular Rd #03-00 Juta Bldg Singapore 058415,Singapore 058415,1.28881,103.847986
Deloitte & Touche Llp,6 Shenton Way #32-00 OUE Downtown Tower 2 Singapore 068809,Singapore 068809,1.276805,103.848363
Microbit Information Systems Pte Ltd,24 Sin Ming Lane #04-94 Midview City Singapore 573970,Singapore 573970,1.358586,103.83358
Praise The Lord Management Consultants Pte. Ltd.,9 Eng Kong Terrace Singapore 598981,Singapore 598981,1.336473,103.768604
Back Office Consulting Pte Ltd,27 West Coast Highway #02-22 West Way Singapore 117867,Singapore 117867,1.283221,103.780681
Ernst & Young LLP,1 Raffles Quay #18-00 One Raffles Quay Singapore 048583,Singapore 048583,1.281142,103.851928
Lo Hock Ling & Co,101A Up Cross St #11-22 People's Pk Centre Singapore 058358,Singapore 058358,1.285429,103.84363
Lo Hock Ling Consulting Pte Ltd,101A Up Cross St #11-16 People's Pk Centre Singapore 058358,Singapore 058358,1.285429,103.84363
Chan Hock Seng & Co,180 Paya Lebar Rd #10-01 Singapore 409032,Singapore 409032,1.330885,103.890011
AAA Assurance PAC,180B Bencoolen St #12-05 The Bencoolen Singapore 189648,Singapore 189648,1.301841,103.8529
Able Commercial Aids,10 Anson Rd #10-06 International Plaza Singapore 079903,Singapore 079903,1.276109,103.845924
Alfa Business Services,10 Anson Rd #33-17 International Plaza Singapore 079903,Singapore 079903,1.276109,103.845924
Ernst & Young Corporate Finance Pte Ltd,"North Tower Level 18, 1 Raffles Quay, Singapore 048583",Singapore 048583,1.281142,103.851928
Max Lewis Consultants Pte Ltd,1 Raffles Place #25-03 One Raffles Place Singapore 048616,Singapore 048616,1.284479,103.851082
ATS Pte Ltd,10 Anson Rd #16-03 International Plaza Singapore 079903,Singapore 079903,1.276109,103.845924
YFK Public Accounting Corporation,5 Up Aljunied Link #06-02 Quartz Ind Bldg Singapore 367903,Singapore 367903,1.334707,103.882054
Ace Financial Accounting Pte Ltd,3 Phillip St #09-01 Commerce Pt Singapore 048693,Singapore 048693,1.2847519,103.849941
K E Chen & Co,87 Beach Rd #02-03 Chye Sing Bldg Singapore 189695,Singapore 189695,1.297097,103.856693
KMC & Partners LLP,Blk 86 Marine Parade Central #03-210  Singapore 440086,Singapore 440086,1.301492,103.906681
M & C Services Private Limited,112 Robinson Rd #05-01 Robinson 112 Singapore 068902,Singapore 068902,1.279253,103.848881
C N Tiew & Co,180 Paya Lebar Rd #07-07 Yi Guang Fty Bldg Singapore 409032,Singapore 409032,1.330885,103.890011
Kang & Khoo,100 Jln Sultan #08-03 Sultan Plaza Singapore 199001,Singapore 199001,1.302832,103.861969
KL Woon & Services Pte Ltd,192 Pandan Loop #04-20 Pantech Business Hub Singapore 128381,Singapore 128381,1.311175,103.752811
Ong Tong Wang & Co,1 Sophia Rd #06-09B Peace Centre Singapore 228149,Singapore 228149,1.301511,103.849561
P S Phuan & Co,261 Lavender St #02-01  Singapore 338794,Singapore 338794,1.315428,103.859109
Teo Boon Tieng & Co,215 Henderson Rd #03-03 Henderson Ind Pk Singapore 159554,Singapore 159554,1.2807519,103.819215
WT Tan & Co,701 Sims Dr #08-01 LHK Bldg Singapore 387383,Singapore 387383,1.318597,103.877201
Yap Boh Pin & Co,190 Middle Rd #13-01 Fortune Centre Singapore 188979,Singapore 188979,1.300405,103.852241
FTC Corporate & Tax Advisory Pte. Ltd.,150 Orchard Rd #08-01 Orchard Plaza Singapore 238841,Singapore 238841,1.301284,103.841309
K. M. Ho & Co,865 Mountbatten Rd #06-12 Katong Shopping Centre Singapore 437844,Singapore 437844,1.303746,103.901182
01 BUSINESS SOLUTIONS PTE LTD (MYOB Professional Partner),"50 Chin Swee Rd, Singapore 169874",Singapore 169874,1.287698,103.840408
1 Accounting & Consulting Services,14 Robinson Rd #13-00 Far East Finance Bldg Singapore 048545,Singapore 048545,1.282183,103.850799
1+One Management Services,"261 Waterloo St, Singapore 180261",Singapore 180261,1.2987169,103.851813
3E Accounting Pte. Ltd.,51 Goldhill Plaza #07-10/11 Goldhill Plaza Singapore 308900,Singapore 308900,1.318222,103.842817
A & I Accounting Services Pte Ltd,8 Boon Lay Way #10-03 8 @ TradeHub 21 Singapore 609964,Singapore 609964,1.327445,103.753555
A & T Management Services,100 Jln Sultan #03-03 Sultan Plaza Singapore 199001,Singapore 199001,1.302832,103.861969
A + Business Consultant Pte Ltd,8 Chang Charn Rd #02-11  Singapore 159637,Singapore 159637,1.288909,103.812182
A C Lui & Co,10 Jln Besar #06-02 Sim Lim Tower Singapore 208787,Singapore 208787,1.304039,103.8546719
A Garanzia LLP,"17 Upper Circular Rd, Singapore 058415",Singapore 058415,1.28881,103.847986
A Guan & Co,4 Leng Kee Rd #04-03 SIS Bldg Singapore 159088,Singapore 159088,1.291066,103.8143149
A L Lee & Co,151 Chin Swee Rd #13-01 Manhattan Hse Singapore 169876,Singapore 169876,1.287186,103.84065
A S H Loong & Co,101 Cecil St #16-05 Tong Eng Bldg Singapore 069533,Singapore 069533,1.281097,103.849324
A W Kei & Co,1 Sophia Rd #04-11 Peace Centre Singapore 228149,Singapore 228149,1.301511,103.849561
A'Ccountz-data Management & Consulting,"People's Park Centre #12-10, 101A Upper Cross Street (S)058358, Singapore 058357",Singapore 058357,1.2856991,103.8436608
A1 Corporate Secretarial & Accounting Services,"10 ANSON ROAD #27-15 INTERNATIONAL PLAZA SINGAPORE, Singapore 079903",Singapore 079903,1.276109,103.845924
A1 MYOB Course Singapore,"10 Anson Road International Plaza #27-15 Singapore, Singapore 079903",Singapore 079903,1.276109,103.845924
A2 Practice,3 Shenton Way #21-01 Shenton Hse Singapore 068805,Singapore 068805,1.278542,103.850011
A2000 Solutions Pte Ltd,5 Ang Mo Kio Ind Pk 2A #07-17 AMK Tech II Singapore 567760,Singapore 567760,1.3780079,103.870243
AAA Assurance Pac,"12 Bencoolen St, Singapore 189648",Singapore 189648,1.301841,103.8529
Abacus BPO Services,"10 Anson Rd, Singapore 079903",Singapore 079903,1.276109,103.845924
Abacus BPO Services Pte. Ltd.,101 Cecil St #20-11 Tong Eng Bldg Singapore 069533,Singapore 069533,1.281097,103.849324
Abell Business Services,1 Phillip St #09-00 Lippo Bldg Singapore 048692,Singapore 048692,1.284972,103.849975
AC Alliances,"12 Middle Rd, Singapore 188979",Singapore 188979,1.300405,103.852241
Acc Finance Management Consultants,"10 Ubi Cres, Singapore 408564",Singapore 408564,1.326293,103.896145
Acc-Link Management Consultants,190 Middle Rd #12-07 Fortune Centre Singapore 188979,Singapore 188979,1.300405,103.852241
Acc-Pro Business Solutions,10 Ubi Cres #05-41 Ubi Techpark Singapore 408564,Singapore 408564,1.326293,103.896145
AccMaster Management Services Pte Ltd,10 Ubi Cres #06-18 Ubi Techpark Singapore 408564,Singapore 408564,1.326293,103.896145
Accorp Business Solutions Pte. Ltd.,"151 Chin Swee Road, #01-39 Manhattan House, Singapore 669876",Singapore 669876,1.2870826,103.8408451
Accountant Streets Pte. Ltd.,"51 Goldhill Plaza #07-06, Singapore 308900",Singapore 308900,1.318222,103.842817
Accounting Business Singapore Pte Ltd,"#06-148, 309 Serangoon Ave 2, Block 309, Singapore 550309",Singapore 550309,1.35378,103.865118
Accounting Consultancy Pte Ltd,33 Ubi Ave 3 #07-21 Vertex Singapore 408868,Singapore 408868,1.33295,103.894131
Accounting Firms in Singapore,"Textile Centre, Singapore 199018",Singapore 199018,1.303499,103.861257
Accounting Services,Singapore 319637,Singapore 319637,1.340411,103.847086
Accounting Services Pte. Ltd.,"Peninsula Plaza, Singapore 179098",Singapore 179098,1.292307,103.850442
Accounting Services singapore,"10 Anson Road #32-18, International Plaza, Singapore 079903",Singapore 079903,1.276109,103.845924
Accounting Services Singapore,"20 Maxwell Road, #11-24/25 Maxwell House, Singapore 069113",Singapore 069113,1.279136,103.844656
Accountingbpo,"273 Thomson Rd, Singapore 307644",Singapore 307644,1.320286,103.842021
Accountingbpo.com Pte. Ltd.,"1 North Bridge Road, #03- Centre, 23 Highgate Cres, Singapore 179094",Singapore 179094,1.28983,103.849601
Accounts Management Services Pte. Ltd.,"354 Hougang Ave 7, Singapore 530354",Singapore 530354,1.372426,103.899423
AccountServe - Leading accounting services firm in Singapore for outsourcing,"8 Wilkie Rd, Singapore 228095",Singapore 228095,1.302102,103.849615
AccountStaff,"8 Wilkie Rd, #03-08 Wilkie Edge, Singapore 228095",Singapore 228095,1.302102,103.849615
Acctimus Solutions Pte.Ltd.,105 Cecil St #20-01 The Octagon Singapore 069534,Singapore 069534,1.280607,103.84906
Accvisory Pte Ltd,163A Telok Ayer St   Singapore 068616,Singapore 068616,1.280256,103.847498
Ace Business Consultancy Pte Ltd,10 Anson Rd #30-01 International Plaza Singapore 079903,Singapore 079903,1.276109,103.845924
Acevision & Associates Pac,Blk 212 Hougang St 21 #03-343  Singapore 530212,Singapore 530212,1.359509,103.888103
Acfoss Assurance,18 Boon Lay Way #10-102 TradeHub 21 Singapore 609966,Singapore 609966,1.328234,103.753597
Achieve PAC Accountant,"809 French Rd, Singapore 200809",Singapore 200809,1.308384,103.861858
Acme Book-Keeping Services,Blk 145 Lor Ah Soo #02-139  Singapore 530145,Singapore 530145,1.351603,103.88343
acra corporate service,"809 French Rd, Singapore 200809",Singapore 200809,1.308384,103.861858
Active Best Source Consultancy Private Limited,"150 South Bridge Rd, Singapore 058727",Singapore 058727,1.285134,103.846524
Acutus Llp,Fax  133 New Bridge Rd #25-06 Chinatown Pt Singapore 059413,Singapore 059413,1.285202,103.8449399
Acutus LLP,"#25-03/08, 133 New Bridge Rd, Singapore 059413",Singapore 059413,1.285202,103.8449399
Acutus Tax Services Pte. Ltd.,133 New Bridge Rd #25-06 Chinatown Pt Singapore 059413,Singapore 059413,1.285202,103.8449399
Adelphie & Associates,7500A Beach Rd #11-320 The Plaza Singapore 199591,Singapore 199591,1.299782,103.860659
Adelphie & Associates,"Beach Rd, Singapore 199591",Singapore 199591,1.299782,103.860659
Adept Public Accounting Corpn,138 Cecil St #06-01 Cecil Ct Singapore 069538,Singapore 069538,1.280756,103.848778
Adex Management (International) Pte. Ltd.,Blk 531 Up Cross St #03-43 Hong Lim Complex-Blk 531 Singapore 050531,Singapore 050531,1.2841959,103.845699
Advante Consulting Pte Ltd,520 North Bridge Rd #05-01  Singapore 188742,Singapore 188742,1.298824,103.855844
AEA Alliance,1 North Bridge Rd #22-09 High St Centre Singapore 179094,Singapore 179094,1.28983,103.849601
Afon Pte. Ltd.,1 C'wealth Lane #07-19  Singapore 149544,Singapore 149544,1.304438,103.796798
Afx & Associates,28 Sin Ming Lane #03-139 Midview City Singapore 573972,Singapore 573972,1.36001,103.8341669
AG Trust Pte. Ltd.,"20 MAXWELL ROAD #04-01G MAXWELL HOUSE, Singapore 069113",Singapore 069113,1.279136,103.844656
Agrade Secretarial Pte. Ltd.,"71 Bukit Batok Crescent #10-08, Prestige Centre, Singapore 658071",Singapore 658071,1.338724,103.755811
AI Accountant,"51 Goldhill Plaza #07-11, Singapore 308900",Singapore 308900,1.318222,103.842817
Alberts & Co,"Little India Shop Houses, 34 Dunlop Street (S)209362, Singapore 209362",Singapore 209362,1.304688,103.8538559
Alfred P F Shee & Co,35 Selegie Rd #09-30 Parklane Shopping Mall Singapore 188307,Singapore 188307,1.300626,103.849458
Alliance Consultancy Services Pte Ltd,192 Waterloo St #05-01 Sky Line Bldg Singapore 187966,Singapore 187966,1.301224,103.85317
Almus Management Service Pte Ltd,101 Up Cross St #04-51A People's Pk Centre Singapore 058357,Singapore 058357,1.2856991,103.8436608
Alpes Assurance Llp,20 Peck Seah St #02-00  Singapore 079312,Singapore 079312,1.278651,103.845013
Alpine Creations Pte. Ltd.,111 North Bridge Rd #12-01 Peninsula Plaza Singapore 179098,Singapore 179098,1.292307,103.850442
Alvin Chee & Co,"Gateway East #10-05/#10-07, 152 Beach Road (S)189721, Singapore 189721",Singapore 189721,1.299117,103.8589609
Alwyn Lim & Co,7500A Beach Rd #13-320 The Plaza Singapore 199591,Singapore 199591,1.299782,103.860659
Alwyn Lim & Co,"#13-320, 7500A Beach Road, Singapore 199591",Singapore 199591,1.299782,103.860659
Amabel & Associates,21B Mosque St   Singapore 059501,Singapore 059501,1.283692,103.84466
Ameritax Solutions,"Cairnhill Rd, Singapore 229681",Singapore 229681,1.309609,103.8360359
Analytical Accounting Services,Singapore 018983,Singapore 018983,1.2794239,103.854182
Andes Consulting Pte Ltd,101A Up Cross St #11-16 People's Pk Centre Singapore 058358,Singapore 058358,1.285429,103.84363
Ang & Co Pac,190 Middle Rd #17-05 Fortune Centre Singapore 188979,Singapore 188979,1.300405,103.852241
Anl Business Management Pte Ltd,11 Woodlands Cl #09-22  Singapore 737853,Singapore 737853,1.434085,103.8023911
Aoyama Sogo Accounting Office S'pore Pte Ltd,8 Robinson Rd #14-00 ASO Bldg Singapore 048544,Singapore 048544,1.282237,103.85083
Apen Accountants Pte Ltd,21 Bt Batok Cres #25-84 WCEGA Tower Singapore 658065,Singapore 658065,1.337164,103.759705
Applied Accounting Solutions Pte Ltd,110 Middle Rd #07-03A Chiat Hong Bldg Singapore 188968,Singapore 188968,1.2988329,103.853724
Ardent Associates,112 Robinson Rd #08-00 Robinson 112 Singapore 068902,Singapore 068902,1.279253,103.848881
Ardent Business Advisory Pte Ltd,112 Robinson Rd #08-00 Robinson 112 Singapore 068902,Singapore 068902,1.279253,103.848881
Ascent Management Services Pte Ltd,1 Brooke Rd #02-35 Katong Plaza Singapore 429979,Singapore 429979,1.304191,103.903803
Asia Hawk Pte Ltd,33 Ubi Ave 3 #05-25 Vertex Singapore 408868,Singapore 408868,1.33295,103.894131
Asiacompanysetup.com - WBA (1971) PTE. LTD.,"37A Hong Kong Street Singapore, Singapore 059676",Singapore 059676,1.287448,103.847405
Aspac Professionals Pac,111 North Bridge Rd #18-03 Peninsula Plaza Singapore 179098,Singapore 179098,1.292307,103.850442
Assurance Affiliates,21 Bt Batok Cres #24-72 WCEGA Tower Singapore 658065,Singapore 658065,1.337164,103.759705
Astab Pte Ltd,21 Woodlands Cl #08-44 Primz Bizhub Singapore 737854,Singapore 737854,1.4340771,103.8035138
Astute Accounting Services Pte Ltd,"240 MacPherson Rd, Singapore 488574",Singapore 488574,1.331636,103.943653
Athel Corporate Advisory Pte Ltd,"15 Yishun Industrial Street 1 #01-17, Win5@Yishun, Singapore 688091",Singapore 688091,1.4377888,103.8442699
Atpics Corporate Services Pte Ltd,"21 Woodlands Close, #04-29 Primz BizHub, Singapore 737854",Singapore 737854,1.4340771,103.8035138
Audit Alliance Llp,20 Maxwell Rd #11-09 Maxwell Hse Singapore 069113,Singapore 069113,1.279136,103.844656
Audit Trust Pac,175A Bencoolen St #08-06 Burlington Sq Singapore 189650,Singapore 189650,1.3020179,103.852486
Audnest Assurance,105 Cecil St #22-00 The Octagon Singapore 069534,Singapore 069534,1.280607,103.84906
Aven & Bill Associates Commercial Accounting Consultants Pte Ltd,37 Tannery Lane #05-08 Tannery Hse Singapore 347790,Singapore 347790,1.3281099,103.877166
Axer Consultants Llp,150 South Bridge Rd #02-12 Fook Hai Bldg Singapore 058727,Singapore 058727,1.285134,103.846524
Axon Management Consultants Pte Ltd,10 Anson Rd #18-03 International Plaza Singapore 079903,Singapore 079903,1.276109,103.845924
B H Gan & Co,100 Jln Sultan #09-15 Sultan Plaza Singapore 199001,Singapore 199001,1.302832,103.861969
B H Gan & Co,"100 Jln Sultan, Singapore 199001",Singapore 199001,1.302832,103.861969
B K Liu & Co,210A Tg Katong Rd   Singapore 437003,Singapore 437003,1.307757,103.895094
B K Soo & Co,10 Jln Besar #07-05 Sim Lim Tower Singapore 208787,Singapore 208787,1.304039,103.8546719
B L Lee & Co,21 Bt Batok Cres #17-71 WCEGA Tower Singapore 658065,Singapore 658065,1.337164,103.759705
B L Lee & Co,"144 Upper Bukit Timah Rd, Singapore 588177",Singapore 588177,1.34234,103.776131
B S Lim & Co,"Peace Centre #05-34, 1 Sophia Road (S)228149, Singapore 228149",Singapore 228149,1.301511,103.849561
B Sharma & Co,171 Tras St #04-171A Union Bldg Singapore 079025,Singapore 079025,1.274364,103.843877
B Sharma & Co,"171 Tras St, Singapore 079025",Singapore 079025,1.274364,103.843877
B Sharma & Co,"Singapore Shopping Centre #04-20, 190 Clemenceau Avenue (S)239924, Singapore 239924",Singapore 239924,1.298146,103.8441579
Balanced Pte. Ltd.,"163 Geylang Rd, Singapore 389240",Singapore 389240,1.311308,103.874563
Bayou International Group Pte Ltd,"22 Woodlands Crescent, #11-35, Singapore 738082",Singapore 738082,1.444572,103.806493
BDO LLP,600 North Bridge Rd #23-01 Parkview Sq Singapore 188778,Singapore 188778,1.300191,103.857614
Bedrock Corporate Services Pte Ltd,"#06-64 Ubi Techpark, 10 Ubi Cres, Singapore 408564",Singapore 408564,1.326293,103.896145
Belinda Chua & Co,"Henderson Building #08-16, 221 Henderson Road (S)159557, Singapore 159543",Singapore 159543,1.285502,103.820635
Bestar Assurance PAC,"23 New Industrial Road, #04-08 Solstice Business Center, Singapore 536209",Singapore 536209,1.343223,103.885575
Bestar Assurance PAC,"23 New Industrial Road, #04-08 Solstice Business Center, Singapore 536209",Singapore 536209,1.343223,103.885575
Bestar IT Pte. Ltd.,"23 New Industrial Road, #07-04 Solstice Business Center, Singapore 536209",Singapore 536209,1.343223,103.885575
Bestar Services Pte. Ltd.,23 New Industrial Rd #07-04  Singapore 536209,Singapore 536209,1.343223,103.885575
Biztax Corporate Services Pte Ltd,Blk 512 Woodlands Dr 14 #11-81  Singapore 730512,Singapore 730512,1.434155,103.7885639
Bob Eng & Partners,"701 Geylang Rd, Singapore 389687",Singapore 389687,1.314641,103.889519
Bob Eng & Partners,701 Geylang Rd #04-04  Singapore 389687,Singapore 389687,1.314641,103.889519
Bob Low & Co,47 Beach Rd #04-03 Kheng Chiu Bldg Singapore 189683,Singapore 189683,1.296253,103.856058
Bob Low & Co,"83A Kampong Bahru Road (S)169379, Singapore 169379",Singapore 169379,1.276308,103.835533
Bookkeepers-On-Wheels LLP,"33 Ubi Ave 3 #05-25 Vertex Tower B, Singapore 008868",Singapore 008868,1.352083,103.819836
Books2Taxes,Blk 937 Hougang St 92 #06-69  Singapore 530937,Singapore 530937,1.374681,103.879451
Borrelli Walsh Pte Ltd,1 Raffles Pl #10-62 One Raffles Pl Singapore 048616,Singapore 048616,1.284479,103.851082
Brandon Soh & Associates Pac,1 Maritime Sq #12-06 HarbourFront Centre Singapore 099253,Singapore 099253,1.264553,103.819304
BSL Public Accounting Corporation,220 Orchard Rd #05-01/02 Midpoint Orchard Singapore 238852,Singapore 238852,1.301679,103.838617
BSL Tax Services Pte Ltd,220 Orchard Rd #05-01 Midpoint Orchard Singapore 238852,Singapore 238852,1.301679,103.838617
Bspl & Associates,"1 Sophia Rd, Singapore 228149",Singapore 228149,1.301511,103.849561
Bspl Pac,1 Sophia Rd #05-34 Peace Centre Singapore 228149,Singapore 228149,1.301511,103.849561
Bt Tan & Associates,24 Sin Ming Lane #05-107 Midview City Singapore 573970,Singapore 573970,1.358586,103.83358
Budget Accounts Pte. Ltd.,1 Magazine Rd #04-11 Central Mall Singapore 059567,Singapore 059567,1.288526,103.842085
Business Assurance,Blk 265 Serangoon Central Dr #03-277  Singapore 550265,Singapore 550265,1.352988,103.871459
Business Library Pte Ltd,"18 Boon Lay Way, Singapore 609966",Singapore 609966,1.328234,103.753597
Business Perfect Services Pte Ltd,Blk 167 Jln Bt Merah #06-12 Connection One Singapore 150167,Singapore 150167,1.282631,103.818518
C C Yang & Co,10 Anson Rd #31-01 International Plaza Singapore 079903,Singapore 079903,1.276109,103.845924
C H Lei & Co,"273 Thomson Rd, Singapore 307644",Singapore 307644,1.320286,103.842021
C H Ng & Co,141 Middle Rd #06-07 GSM Bldg Singapore 188976,Singapore 188976,1.2995969,103.852556
C H Ng & Co,"Gsm Building #05-06, 141 Middle Road (S)188976, Singapore 188976",Singapore 188976,1.2995969,103.852556
C H Tan & Co,6001 Beach Rd #16-01 Golden Mile Tower Singapore 199589,Singapore 199589,1.302128,103.864082
C K Ang & Co,1 Yishun Industrial St 1 #07-17 A'Posh Biz Hub Singapore 768160,Singapore 768160,1.4371056,103.8419391
C K Ang & Co.,"5001 Beach Rd, Singapore 199588",Singapore 199588,1.302908,103.864945
C K Leong & Associates,5001 Beach Rd #07-10 Golden Mile Complex Singapore 199588,Singapore 199588,1.302908,103.864945
C L Teo & Co,Blk 808 French Rd #05-165 Kitchener Complex Singapore 200808,Singapore 200808,1.308475,103.862009
C M Lee & Co,190 Middle Rd #10-06 Fortune Centre Singapore 188979,Singapore 188979,1.300405,103.852241
C M Lee & Co,"151 Chin Swee Rd, Singapore 169876",Singapore 169876,1.287186,103.84065
C M Leong & Co,133 New Bridge Rd #13-01 Chinatown Pt Singapore 059413,Singapore 059413,1.285202,103.8449399
C M Leong & Co,"Chinatown Point #11-05, 133 New Bridge Road (S)059413, Singapore 059413",Singapore 059413,1.285202,103.8449399
C S Koh & Co,111 North Bridge Rd #16-03 Peninsula Plaza Singapore 179098,Singapore 179098,1.292307,103.850442
C S Koh & Co,"Emporis (Vacant) #09-01, 268 Orchard Road (S)238856, Singapore 238856",Singapore 238856,1.302693,103.836805
C S Tan & Co,6001 Beach Rd #11-07/08 Golden Mile Tower Singapore 199589,Singapore 199589,1.302128,103.864082
C T Ching Public Accounting Corpn,23A Teo Hong Rd   Singapore 088332,Singapore 088332,1.279878,103.84074
C T Chng & Co,44 Rowell Rd   Singapore 207995,Singapore 207995,1.308478,103.854967
C w Chow & Co,"Peace Centre #07-09, 1 Sophia Road (S)228149, Singapore 228149",Singapore 228149,1.301511,103.849561
C W Chow Partnership Llp,1 Sophia Rd #07-09 Peace Mans Singapore 228149,Singapore 228149,1.301511,103.849561
C W Thum & Co,191B Thomson Rd  Goldhill Centre Singapore 307632,Singapore 307632,1.318681,103.843452
C. N. Tiew & Co.,"Singapore, Tg Katong Rd180? ????: Singapore 409022",Singapore 409022,1.32932,103.890342
Ca Diong,19 Keppel Rd #03-03 Jit Poh Bldg Singapore 089058,Singapore 089058,1.272967,103.8421539
CA Group,"6 Raffles Quay #14-06, Singapore 048580",Singapore 048580,1.281712,103.851423
Ca Practice Pac,Fax  519 Balestier Rd #03-01 Le Shantier Singapore 329852,Singapore 329852,1.326345,103.846606
Ca Trust Pac,2 Bt Merah Central #21-01  Singapore 159835,Singapore 159835,1.284344,103.813836
Ca.Sg Pac,33A Chander Rd   Singapore 219539,Singapore 219539,1.308125,103.85128
Cai Secretarial Services Co,"Golden Mile Complex #07-20, 5001 Beach Road (S)199588, Singapore 199588",Singapore 199588,1.302908,103.864945
Carter's Commercial Services,"134 Jurong East Street 13, Singapore 600134",Singapore 600134,1.334023,103.738849
Casey Lin & Company,10 Anson Rd #35-11 International Plaza Singapore 079903,Singapore 079903,1.276109,103.845924
Central Management Services (Pte) Ltd,1 Sophia Rd #05-14/16 Peace Centre Singapore 228149,Singapore 228149,1.301511,103.849561
CEO Infancy Pte. Ltd.,1 Scotts Rd #24-10 Shaw Centre Singapore 228208,Singapore 228208,1.305662,103.8317859
Cfo Accounts & Services Pte Ltd,8 Burn Rd #04-04 Trivex Singapore 369977,Singapore 369977,1.335497,103.885304
Cg Alliance,60 Paya Lebar Rd #12-05 Paya Lebar Sq Singapore 409051,Singapore 409051,1.318938,103.8926112
Ch & R Management Services,"712A Ang Mo Kio Ave 6, Singapore 561712",Singapore 561712,1.370354,103.8468539
Chai Son Chan & Co,Blk 1 Joo Chiat Rd #05-1005 Joo Chiat Complex Singapore 420001,Singapore 420001,1.31575,103.8984
Chan Kok Poh & Co,11 Sims Dr #03-03  Singapore 387385,Singapore 387385,1.352083,103.819836
Chan Kok Poh & Co,"1 Sims Ln, Singapore 387355",Singapore 387355,1.317208,103.880848
Chan Leng Leng & Co,20 Kramat Lane #03-01 United Hse Singapore 228773,Singapore 228773,1.300958,103.842671
Chan-Soh & Co,1557 Keppel Rd #02-27 Inchape Marketing Bldg Singapore 089066,Singapore 089066,1.272869,103.840631
Chan-soh & Co,"Anson Centre #13-51, 51 Anson Road (S)079904, Singapore 079904",Singapore 079904,1.274627,103.845714
Chartwell Management Services Pte Ltd,10 Eunos Rd 8 #05-07 Singapore Post Centre Singapore 408600,Singapore 408600,1.319291,103.894819
Chee FM & Associates,138 Cecil St #05-03 Cecil Ct Singapore 069538,Singapore 069538,1.280756,103.848778
Chee Fm & Associates,"70 Palmer Rd, Singapore 079427",Singapore 079427,1.273054,103.8479009
Cheng Fook Lan,21 Woodlands Cl #02-34 Primz Bizhub Singapore 737854,Singapore 737854,1.4340771,103.8035138
Chew & Tee,"Parklane Shopping Mall #09-19, 35 Selegie Road (S)188307, Singapore 188307",Singapore 188307,1.300626,103.849458
Chew Whye Lee Pac,Blk 209 New Up Changi Rd #03-635  Singapore 460209,Singapore 460209,1.324672,103.930879
Chiew Accounting,"41A Bedok Ria Crescent, #02-39, Singapore 489929",Singapore 489929,1.32824,103.9516529
Chio Lim Stone Forest,"18 Cross St, Singapore 048423",Singapore 048423,1.283384,103.846868
Chng Wee Yin & Associates Pac,246 MacPherson Rd #03-02 Betime Bldg Singapore 348578,Singapore 348578,1.3300829,103.875672
"Chong, Lim & Partners Llp","1 Jln Kilang Timor, Singapore 159303",Singapore 159303,1.285081,103.810498
Chrislin Book-Keeping Services,"320 Clementi Ave 4, Singapore 220320",Singapore 220320,1.3170708,103.7654405
Christopher Chan & Associates,33 Ubi Ave 3 #06-58 Vertex Singapore 408868,Singapore 408868,1.33295,103.894131
Christopher Chan & Associates,"33 Ubi Ave 3, Singapore 408868",Singapore 408868,1.33295,103.894131
Chua Soo Chiew & Associates Pac,101 Up Cross St #06-11 People's Pk Centre Singapore 058357,Singapore 058357,1.2856991,103.8436608
Citadelle Corporate Services Pte Ltd,111 North Bridge Rd #08-16 Peninsula Plaza Singapore 179098,Singapore 179098,1.292307,103.850442
Ck Consultants Pte. Ltd.,1 Magazine Rd #04-11 Central Mall Singapore 059567,Singapore 059567,1.288526,103.842085
Ck Corporate Management Services Pte. Ltd.,10 Anson Rd #10-08 International Plaza Singapore 079903,Singapore 079903,1.276109,103.845924
Claritas Pte Ltd,7500A Beach Rd #11-310 The Plaza Singapore 199591,Singapore 199591,1.299782,103.860659
Clement Tan & Co,6001 Beach Rd #09-10 Golden Mile Tower Singapore 199589,Singapore 199589,1.302128,103.864082
Cnc Management & Info Services,"100A Eu Tong Sen St, Singapore 059813",Singapore 059813,1.281969,103.840885
Cnc Management Pte. Ltd.,111 North Bridge Rd #07-09 Peninsula Plaza Singapore 179098,Singapore 179098,1.292307,103.850442
Commercial Planners,"261 Waterloo St, Singapore 180261",Singapore 180261,1.2987169,103.851813
Compact Administrative Services Pte Ltd,"DBS Building Tower Two (2) #28-09, 6 Shenton Way (S)068809, Singapore 668809",Singapore 668809,1.2767434,103.8482644
Company Incorporation Singapore - SBS Consulting Accounting Services,"High Street Centre, #17-02,, 1 North Bridge Road, Singapore, Singapore 179094",Singapore 179094,1.28983,103.849601
Compliance Assurance PAC (CAPAC),"35A Mosque St, Singapore 059513",Singapore 059513,1.2837209,103.845161
Confiance Business Advisory,60 Paya Lebar Rd #10-35 Paya Lebar Sq Singapore 409051,Singapore 409051,1.318938,103.8926112
Core Management Singapore,"29A Toh Tuck Rd, Singapore 596195",Singapore 596195,1.339099,103.769175
Corporate Assurance Pac,33 Ubi Ave 3 #06-06 Vertex Singapore 408868,Singapore 408868,1.33295,103.894131
Corporate Office Accounting Pte Ltd,"55 Market St, Singapore 048941",Singapore 048941,1.284513,103.850633
Corporate Secretarial Services,"20 Maxwell Road, #11-24/25 Maxwell House, Singapore 069113",Singapore 069113,1.279136,103.844656
CoSeClinic Services Pte Ltd,7030 Ang Mo Kio Ave 5 #09-90/92 Northstar @ AMK Singapore 569880,Singapore 569880,1.377918,103.875414
Cosmopolitan Corporate Services Pte Ltd,23 Lor 1 Realty Pk  People's Gdn Singapore 536946,Singapore 536946,1.3671009,103.890623
Cpa Connects Pte. Ltd.,60 Paya Lebar Rd #10-36 Paya Lebar Sq Singapore 409051,Singapore 409051,1.318938,103.8926112
Cpa Partnership Pte. Ltd.,"146 Robinson Rd, Singapore 068909",Singapore 068909,1.277954,103.848108
Creative Corporate Management Pte Ltd,18 Sin Ming Lane #08-06 Midview City Singapore 573960,Singapore 573960,1.358681,103.8341389
Crowe Horwath First Trust Llp,8 Shenton Way #05-01 AXA Tower Singapore 068811,Singapore 068811,1.275386,103.8472589
Cs Business Consultant Pte Ltd,152 Beach Road #14-03 GATEWAY EAST Singapore 189721,Singapore 189721,1.299117,103.8589609
Csi & Co Pac,10 Anson Rd #12-15 International Plaza Singapore 079903,Singapore 079903,1.276109,103.845924
Cst Tax Advisors Pte Ltd,80 Robinson Rd #14-02  Singapore 068898,Singapore 068898,1.280128,103.84938
CY2 Consulting,8 Burn Rd #15-13 Trivex Singapore 369977,Singapore 369977,1.335497,103.885304
Cypress S'pore Pac,1 Scotts Rd #21-07 Shaw Centre Singapore 228208,Singapore 228208,1.305662,103.8317859
D Arumugam & Co,190 Middle Rd #10-03 Fortune Centre Singapore 188979,Singapore 188979,1.300405,103.852241
Dan Ng Ping Yuen & Co,180B Bencoolen St #06-04 The Bencoolen Singapore 189648,Singapore 189648,1.301841,103.8529
Darrell Chia & Co,24 Sin Ming Lane #03-95 Midview City Singapore 573970,Singapore 573970,1.358586,103.83358
Databook Pte Ltd,35 Tannery Rd #02-07 Ruby Ind Complex-Tannery Blk Singapore 347740,Singapore 347740,1.3265579,103.875078
DDS Management Pte Ltd,"10 Jalan Besar #11-05 Sim Lim Tower, Singapore 208787",Singapore 208787,1.304039,103.8546719
De Associates,190 Middle Rd #10-06 Fortune Centre Singapore 188979,Singapore 188979,1.300405,103.852241
De Associates,"141 Middle Rd, Singapore 188976",Singapore 188976,1.2995969,103.852556
Delegated Authority Pte Ltd,101 Cecil St #18-12 Tong Eng Bldg Singapore 069533,Singapore 069533,1.281097,103.849324
Delfi Management Services Pte. Ltd.,Blk 165 Bt Merah Central #08-3667  Singapore 150165,Singapore 150165,1.28344,103.816199
Dha+ Pac,63 Market St #05-01A Bank of S'pore Centre Singapore 048942,Singapore 048942,1.284318,103.850605
Dinajit Management Services,Fax  50 Chin Swee Rd #09-02 Thong Chai Bldg Singapore 169874,Singapore 169874,1.287698,103.840408
DNH Consultants Pte Ltd,100 Jln Sultan #09-06 Sultan Plaza Singapore 199001,Singapore 199001,1.302832,103.861969
Dp Management Pte. Ltd.,"72 Bendemeer Rd, Singapore 339941",Singapore 339941,1.3160019,103.862886
Dynamic Value Consultancy Pte. Ltd.,"20 Maxwell Rd, Singapore 069113",Singapore 069113,1.279136,103.844656
E & E Bookkeeping Services,"1004 Toa Payoh N, Singapore 318995",Singapore 318995,1.343161,103.847145
E H C Goh & Co,271 Bt Timah Rd #03-04 Balmoral Plaza Singapore 259708,Singapore 259708,1.316498,103.835472
E-Office Synergy Management Pte. Ltd.,"195 Pearl's Hill Terrace, Singapore 168976",Singapore 168976,1.284053,103.841318
Eastern Management Pte Ltd,Blk 201D Tampines St 21 #03-1143  Singapore 524201,Singapore 524201,1.352255,103.953629
EBOS SG Pte Ltd,205 Henderson Rd #02-01 Henderson Ind Pk Singapore 159549,Singapore 159549,1.280758,103.820098
Ecovis Assurance Llp,100 Tras St #14-01 Amara Corporate Office Singapore 079027,Singapore 079027,1.274929,103.843549
Ecra Business Services Pte. Ltd.,50 Serangoon Nth Ave 4 #07-05  Singapore 555856,Singapore 555856,1.375532,103.875641
Edgar Analytics Pte Ltd,"175 Bencoolen St, Singapore 189649",Singapore 189649,1.302198,103.8524939
Edwin Tay & Co,Blk 531A Up Cross St #03-101/102 Hong Lim Complex-Blk 531A Singapore 051531,Singapore 051531,1.285321,103.845851
Edwin Tay & Co.,"531A Upper Cross Street, #03-101, Singapore 051531",Singapore 051531,1.285321,103.845851
EE Peng Liang & Co,"1 Raffles Blvd, Asia Square Tower 2, Singapore 039593",Singapore 039593,1.292937,103.857002
Ee Peng Liang & Co,"18 Raffles Quay, Singapore 048583",Singapore 048583,1.281142,103.851928
Egmont Management Services Pte Ltd,151 Chin Swee Rd #02-20 Manhattan Hse Singapore 169876,Singapore 169876,1.287186,103.84065
Ej Consultancy Services Pte. Ltd.,66 Horne Rd #04-00  Singapore 209073,Singapore 209073,1.310292,103.860929
Elizabeth Leong & Co,87 Beach Rd #04-04 Chye Sing Bldg Singapore 189695,Singapore 189695,1.297097,103.856693
Emthesis Consulting Private Limited,91 Bencoolen Street #01-77 Sunshine Plaza Singapore 189652,Singapore 189652,1.300287,103.851193
Enable Business Pte Ltd,"60 Paya Lebar Rd, Singapore 409051",Singapore 409051,1.318938,103.8926112
Enaglobe Enterprise,"643 Jurong West Street 61, Singapore 400643",Singapore 400643,1.3393051,103.6956375
Enrich Management Consulting LLP,10 Anson Rd #24-05 International Plaza Singapore 079903,Singapore 079903,1.276109,103.845924
Enston Corporate Services Pte Ltd,111 North Bridge Rd #02-07A Peninsula Plaza Singapore 179098,Singapore 179098,1.292307,103.850442
Enterprise Assurance Pac,6 Eu Tong Sen St #12-12 The Central Singapore 059817,Singapore 059817,1.288424,103.846694
Enterprise Partners Pte Ltd,300 Tampines Ave 5 #09-02 Tampines Junction Singapore 529653,Singapore 529653,1.352109,103.941842
Entrust Outsource Pte. Ltd.,19 Keppel Rd #03-10 Jit Poh Bldg Singapore 089058,Singapore 089058,1.272967,103.8421539
Entrust Public Accounting Corpn,10 Anson Rd #12-07 International Plaza Singapore 079903,Singapore 079903,1.276109,103.845924
Equator Dreams Pte Ltd,72 Bayshore Rd #29-16 Costa Del Sol Singapore 469988,Singapore 469988,1.311351,103.9385999
Equifis Associates Pte. Ltd.,"163A, Telok Ayer Street, Singapore 068616",Singapore 068616,1.280256,103.847498
Er & Co,Blk 336 Smith St #04-302 New Bridge Centre Singapore 050336,Singapore 050336,1.282878,103.8425649
Essential Business Services Pte Ltd,"151 Chin Swee Rd, Singapore 169876",Singapore 169876,1.287186,103.84065
ET Management,"1 North Bridge Road, #03-23, High Street Centre, Singapore 179094",Singapore 179094,1.28983,103.849601
Evan Wong & Co,"1 Raffles Quay, Singapore 048583",Singapore 048583,1.281142,103.851928
Everest Assurance Pac,7500A Beach Rd #14-302 The Plaza Singapore 199591,Singapore 199591,1.299782,103.860659
Evergrowth Partners Pte. Ltd.,101 Up Cross St #07-03 People's Pk Centre Singapore 058357,Singapore 058357,1.2856991,103.8436608
Evermax Management Service,113 Eunos Ave 3 #07-04 Gordon Ind Bldg Singapore 409838,Singapore 409838,1.319896,103.896867
Ewe Pang Kooi & Co,"8 Robinson Rd, Singapore 048544",Singapore 048544,1.282237,103.85083
EZ Accounting Pte Ltd,105 Sims Ave #09-12 Chancerlodge Complex Singapore 387429,Singapore 387429,1.314513,103.877245
ez accounting pte ltd,"105 Sims Ave, Singapore 387429",Singapore 387429,1.314513,103.877245
F Y Liew & Co,317 Outram Rd #B1-24 Holiday Inn Atrium S'pore Hotel Singapore 169075,Singapore 169075,1.288842,103.8341389
Fadhillah Goh & Co,138 Cecil St #06-01 Cecil Ct Singapore 069538,Singapore 069538,1.280756,103.848778
Fadhillah Goh & Co,"42 Horne Rd, Singapore 209066",Singapore 209066,1.3090679,103.861967
Fair Consultants Pte. Ltd.,12 Aljunied Rd #06-01A  Singapore 389801,Singapore 389801,1.313702,103.88211
Faithful Accounting & Consultant Pte Ltd,111 North Bridge Rd #13-06 Peninsula Plaza Singapore 179098,Singapore 179098,1.292307,103.850442
Fastcorp Pte.Ltd.,10 Anson Rd #22-02 International Plaza Singapore 079903,Singapore 079903,1.276109,103.845924
Feroz Khan & Co,1 North Bridge Rd #03-39 High St Centre Singapore 179094,Singapore 179094,1.28983,103.849601
Fide Consultant Group,"8 Eu Tong Sen St, #13-82 The Central, Singapore 059818",Singapore 059818,1.288529,103.846784
Fiducia Llp,71 Ubi Cres #08-01 Excalibur Centre Singapore 408571,Singapore 408571,1.326862,103.898324
Finnovation Pte Ltd,Blk 803 King George's Ave #02-144  Singapore 200803,Singapore 200803,1.307798,103.8608749
FK Lim & Co,1003 Bt Merah Central #05-38 Technoprenuer Centre@Bukit Merah Singapore 159836,Singapore 159836,1.283259,103.814735
Fk Lim & Co,"1003 Bukit Merah Central, Singapore 159836",Singapore 159836,1.283259,103.814735
FMG Corporate Services Pte Ltd,"8 Wilkie Rd, #03-01, Wilkie Edge, Singapore 228095",Singapore 228095,1.302102,103.849615
Fok Oi Leng & Co,"1 Paya Lebar Rd, Singapore 409032",Singapore 409032,1.330885,103.890011
Foo J Y & Co,5001 Beach Rd #06-02 Golden Mile Complex Singapore 199588,Singapore 199588,1.302908,103.864945
Foo Kon & Tan,24 Raffles Pl #07-03 Clifford Centre Singapore 048621,Singapore 048621,1.283847,103.852123
Foo Kon Tan LLP,24 Raffles Pl #07-03 Clifford Centre Singapore 048621,Singapore 048621,1.283847,103.852123
Foong Pak Leong & Co,101A Up Cross St #13-14 People's Pk Centre Singapore 058358,Singapore 058358,1.285429,103.84363
Forton Pte. Ltd.,"10 Ubi Cres, Singapore 408564",Singapore 408564,1.326293,103.896145
Francis Consultants Pte Ltd,"20 Maxwell Rd, Singapore 069113",Singapore 069113,1.279136,103.844656
G S Tan & Co,116 Middle Rd #06-01 I C B Enterprise Hse Singapore 188972,Singapore 188972,1.299167,103.853323
G. S. Chua & Co,101 Up Cross St #04-43 People's Pk Centre Singapore 058357,Singapore 058357,1.2856991,103.8436608
GAAP Accounting,"63 Ubi Ave 1, Singapore 408937",Singapore 408937,1.325077,103.893758
GAAP International Pte Ltd,"63 Ubi Ave 1, Boustead House #04-04, Singapore 408937",Singapore 408937,1.325077,103.893758
Gabriel Ng & Co,71 Ubi Rd 1 #05-41 Oxley Bizhub Singapore 408732,Singapore 408732,1.3321984,103.8899499
Gabriel Ng & Co,"71 Ubi Road 1, #05-41 Oxley Bizhub 1, Singapore 408732",Singapore 408732,1.3321984,103.8899499
Gan & Alliance,3 Ang Mo Kio St 62 #04-31  Singapore 569139,Singapore 569139,1.385486,103.845825
Geetha A & Associates,120 Lower Delta Rd #15-15 Cendex Centre Singapore 169208,Singapore 169208,1.280226,103.822926
Geetha A & Associates,"120 Lower Delta Rd, 15, Singapore 169208",Singapore 169208,1.280226,103.822926
Germaxco Accounts & Corporate Services Pte. Ltd.,"48 Toh Guan Rd E, Singapore 608586",Singapore 608586,1.337078,103.7547249
Geso Services (Singapore),1 Sophia Rd #05-27 Peace Centre Singapore 228149,Singapore 228149,1.301511,103.849561
Global Corporate Advisory Pte Ltd,200 Jln Sultan #08-02 Textile Centre Singapore 199018,Singapore 199018,1.303499,103.861257
Global Helpdesk,"81 Ubi Ave 4, Singapore 408830",Singapore 408830,1.3335459,103.891785
Global Link Management Services Pte. Ltd.,21 Woodlands Cl #02-34 Primz Bizhub Singapore 737854,Singapore 737854,1.4340771,103.8035138
Goh Boon Kok & Co,272A River Valley Rd   Singapore 238315,Singapore 238315,1.294653,103.841842
Goh Eng Lam & Co,5001 Beach Rd #07-23/25 Golden Mile Complex Singapore 199588,Singapore 199588,1.302908,103.864945
Goh Eng Lam & Co,"5001 Beach Rd, Singapore 199588",Singapore 199588,1.302908,103.864945
Goh Hwee Cheng & Co,10 Jln Besar #15-07 Sim Lim Tower Singapore 208787,Singapore 208787,1.304039,103.8546719
Goh Hwee Cheng & Co,"207 Henderson Rd, Singapore 159550",Singapore 159550,1.280891,103.819909
Goh Ngiap Suan & Co,Blk 336 Smith St #06-307 New Bridge Centre Singapore 050336,Singapore 050336,1.282878,103.8425649
Goh Ngiap Suan & Co,"336 Smith St, Singapore 050336",Singapore 050336,1.282878,103.8425649
Goh Sher Wee & Co,101 Up Cross St #05-31 People's Pk Centre Singapore 058357,Singapore 058357,1.2856991,103.8436608
Goh Yau Kee & Co,Blk 531 Up Cross St #03-56 Hong Lim Complex-Blk 531 Singapore 050531,Singapore 050531,1.2841959,103.845699
Gohthienchee & Co,10 Mohd Sultan Rd #02-01  Singapore 238960,Singapore 238960,1.293806,103.841869
Gohthienchee & Co,"100 Jln Sultan, Singapore 199001",Singapore 199001,1.302832,103.861969
Gold Classic Business Management Services,"100 Jln Sultan, Singapore 199001",Singapore 199001,1.302832,103.861969
Gold House Enterprise Pte. Ltd.,"6001 Beach Road, #01-20 Golden Mile Tower, Singapore 199589",Singapore 199589,1.302128,103.864082
Gratia Management Consultants Pte Ltd,"7500A Beach Road, #06-302, Singapore 199591",Singapore 199591,1.299782,103.860659
GRP Rainer,"1 Raffles Place, Singapore 048616",Singapore 048616,1.284479,103.851082
H A Christie & Co,1 Raffles Pl #10-62 One Raffles Pl Singapore 048616,Singapore 048616,1.284479,103.851082
H B Tan & Co,"61 Club St, Singapore 669436",Singapore 669436,1.353564,103.759105
H H Wong & Co,111 North Bridge Rd #08-10 Peninsula Plaza Singapore 179098,Singapore 179098,1.292307,103.850442
H K Seah Public Accounting Corpn,101 Cecil St #09-07 Tong Eng Bldg Singapore 069533,Singapore 069533,1.281097,103.849324
H S Lim & Co,7500A Beach Rd #11-313/315 The Plaza Singapore 199591,Singapore 199591,1.299782,103.860659
H Wee & Co,8 Burn Rd #07-16 Trivex Singapore 369977,Singapore 369977,1.335497,103.885304
Hajamaideen & Co,100 Jln Sultan #09-06 Sultan Plaza Singapore 199001,Singapore 199001,1.302832,103.861969
Helmi Talib & Co,133 Cecil St #15-02 Keck Seng Tower Singapore 069535,Singapore 069535,1.280305,103.848906
Heng Lee Seng Llp,15 Hoe Chiang Rd #12-02 Tower Fifteen Singapore 089316,Singapore 089316,1.2737909,103.84217
Hengcorp Advisory Pte. Ltd.,7500A Beach Rd #15-320 The Plaza Singapore 199591,Singapore 199591,1.299782,103.860659
Herald Accounting,"57 Jln Kemboja, Singapore 349443",Singapore 349443,1.3323609,103.873682
Hira Pte. Ltd.,"100 Tras St, Singapore 079027",Singapore 079027,1.274929,103.843549
Hlb Atrede Llp,20 Peck Seah St #05-00  Singapore 079312,Singapore 079312,1.278651,103.845013
Hoe Sin Hong & Co,5001 Beach Rd #06-32 Golden Mile Complex Singapore 199588,Singapore 199588,1.302908,103.864945
Hong Poh Hin & Co,"214 Serangoon Ave 4, Singapore 550214",Singapore 550214,1.357329,103.873558
Hoon Tai Meng & Co,5001 Beach Rd #04-18 Golden Mile Complex Singapore 199588,Singapore 199588,1.302908,103.864945
HOS Consulting Pte Ltd,"59 Neil Rd, Singapore 088894",Singapore 088894,1.27958,103.84247
I O S Management Pte Ltd,"1 Thomson Rd, Singapore 300001",Singapore 300001,1.3253569,103.842168
IBMS Consultancy Pte. Ltd.,20 Maxwell Rd #10-11 Maxwell Hse Singapore 069113,Singapore 069113,1.279136,103.844656
InBusiness Solutions,"71 Ubi Road 1, #09-47 Oxley Bizhub, Singapore 008732",Singapore 008732,1.3321938,103.8899519
Infinity,"#33-07/08 International Plaza, 10 Anson Road, Singapore 079903",Singapore 079903,1.276109,103.845924
Institute of Singapore Chartered Accountants,"60 Cecil St, Singapore 049709",Singapore 049709,1.282126,103.849686
Intercontinental Accounting Services Pte Ltd,"101 Thomson Road #06-01, Singapore 307591",Singapore 307591,1.317711,103.843491
J Accounting Pte. Ltd.,"A‚è_osh Biz Hub #05-34, 1 Yishun Industrial Street 1, Singapore 768160",Singapore 768160,1.4371056,103.8419391
J B Chua & Co,"55 Lor L Telok Kurau, Singapore 425500",Singapore 425500,1.311723,103.910552
J K Medora & Co,22 Malacca St #03-02 Royal Bros Bldg Singapore 048980,Singapore 048980,1.283897,103.850827
J S K Young & Co,43 Middle Rd #04-00  Singapore 188952,Singapore 188952,1.297189,103.855348
J Wong & Associates Pac,20 Maxwell Rd #07-12 Maxwell Hse Singapore 069113,Singapore 069113,1.279136,103.844656
J. S. K. Young & Co,41 Middle Rd #04-00  Singapore 188950,Singapore 188950,1.29716,103.855406
J. Tan & Co,195 Pearl's Hill Ter #03-14  Singapore 168976,Singapore 168976,1.284053,103.841318
Jai Accounting,1 Yishun Industrial St 1 #07-23 A'Posh Biz Hub Singapore 768160,Singapore 768160,1.4371056,103.8419391
James Chan & Co,"8 Robinson Rd, Singapore 048544",Singapore 048544,1.282237,103.85083
Jas Consultancy Services Pte. Ltd.,"20 Malacca St, Singapore 048979",Singapore 048979,1.283915,103.850606
Jasmine Chua & Associates,Blk 203 Hougang St 21 #03-81  Singapore 530203,Singapore 530203,1.357428,103.884693
Jasmine Chua & Associates,"203 Hougang Street 21, Singapore 530203",Singapore 530203,1.357428,103.884693
Jbs Practice Public Accounting Corpn,137 Telok Ayer St #05-03 Singapore Hokkien Huay Kuan Bldg Singapore 068602,Singapore 068602,1.280887,103.84787
JDT Management Services P/L,"1 Coleman Street #05-05, The Adelphi, Singapore 179803",Singapore 179803,1.291359,103.851346
Jee Ah Chian & Co,9 Kelantan Lane #06-01  Singapore 208628,Singapore 208628,1.306273,103.856447
Jess World Consultancy Pte. Ltd.,"No. 25 International Business Park #02-53 German Centre, Singapore 609916",Singapore 609916,1.324738,103.746782
Jg Consultants Pte Ltd,2 Venture Dr #13-24 Vision Exchange Singapore 608526,Singapore 608526,1.352083,103.819836
JH Tan & Associates,1 Gateway Dr #12-03 Westgate Tower Singapore 608531,Singapore 608531,1.352083,103.819836
Jireh Accounting & Advisory Pte Ltd,Blk 2 Balestier Rd #01-689 Balestier Hill Shopping Centre-Blk 2 Singapore 320002,Singapore 320002,1.325893,103.8429309
JJ ACCOUNTING SERVICES,"546 Woodlands Drive 16, Singapore 730546",Singapore 730546,1.4297089,103.793929
Jm Management & Accounting Pte. Ltd.,6001 Beach Rd #16-04 Golden Mile Tower Singapore 199589,Singapore 199589,1.302128,103.864082
JM Partners,24 Peck Seah St #02-08 Nehsons Bldg Singapore 079314,Singapore 079314,1.278261,103.844907
Joanne Ho & Partners,"631 Ang Mo Kio Ave 4, Singapore 560631",Singapore 560631,1.379578,103.840731
Joe Tan & Associates PAC,"21 Tan Quee Lan St, Singapore 188108",Singapore 188108,1.298343,103.856722
John Navamani & Co,"128 Owen Rd, Singapore 218932",Singapore 218932,1.314179,103.8527299
John Seow & Co.,"86 Marine Parade Central, Singapore 440086",Singapore 440086,1.301492,103.906681
Jp International (Sg) Pte. Ltd.,20 Maxwell Rd #11-07 Maxwell Hse Singapore 069113,Singapore 069113,1.279136,103.844656
Js Corporate Pac,7500A Beach Rd #04-321 The Plaza Singapore 199591,Singapore 199591,1.299782,103.860659
JT Accounting Services,"160 Hougang Street 11, Singapore 530160",Singapore 530160,1.352046,103.879036
JT NAC PAC,"#05-16 The Adelphi, 1 Coleman St, Singapore 179803",Singapore 179803,1.291359,103.851346
Jubilee Accounting & Management Services,1 C'wealth Lane #07-18  Singapore 149544,Singapore 149544,1.304438,103.796798
K A Seah & Co,1 Coleman St #06-04 The Adelphi Singapore 179803,Singapore 179803,1.291359,103.851346
K C Koon & Co,10 Anson Rd #18-18 International Plaza Singapore 079903,Singapore 079903,1.276109,103.845924
K C Lau & Co,207A Thomson Rd   Singapore 307640,Singapore 307640,1.318533,103.843226
K C Yin & Co,138 Cecil St #06-01 Cecil Ct Singapore 069538,Singapore 069538,1.280756,103.848778
K F Hoong & Co,1 Irving Pl #07-09/10 The Commerze @ Irving Singapore 369546,Singapore 369546,1.336047,103.886073
K F Hoong & Company,"1 Irving Place, #07-09 The Commerze, Singapore 369546",Singapore 369546,1.336047,103.886073
K H Chia & Co,101 Up Cross St #04-24 People's Pk Centre Singapore 058357,Singapore 058357,1.2856991,103.8436608
K K Chua & Co,89 Short St #08-11 Golden Wall Centre Singapore 188216,Singapore 188216,1.303684,103.851552
K K Leong & Partners,7500A Beach Rd #12-313 The Plaza Singapore 199591,Singapore 199591,1.299782,103.860659
K K Lim & Co,47A Tras St   Singapore 078986,Singapore 078986,1.2781309,103.844513
K K Tham & Associates,Blk 118 Aljunied Ave 2 #04-102  Singapore 380118,Singapore 380118,1.320126,103.887252
K K Tham & Associates,"Singapore Shopping Centre #05-02, 190 Clemenceau Avenue (S)239924, Singapore 239924",Singapore 239924,1.298146,103.8441579
K K Wong & Associates,190 Middle Rd #11-02 Fortune Centre Singapore 188979,Singapore 188979,1.300405,103.852241
K L Lee & Co,"19 Loyang Way, Singapore 508724",Singapore 508724,1.376453,103.9725629
K L Lee & Co.,"451 Joo Chiat Rd, Singapore 427670",Singapore 427670,1.306697,103.904472
K P Ho & Associates,80 South Bridge Rd #03-01 Golden Castle Bldg Singapore 058710,Singapore 058710,1.2867789,103.8479739
K P Ho & Associates,"Golden Castle Building #03-01, 80 South Bridge Road (S)058710, Singapore 058710",Singapore 058710,1.2867789,103.8479739
K S Chan & Co,237 Pandan Loop #07-07  Singapore 128424,Singapore 128424,1.313235,103.751605
K S Chin & Co,Blk 261 Waterloo St #04-15 Waterloo Centre Singapore 180261,Singapore 180261,1.2987169,103.851813
K S Ng & Co,22 Lor 21A Geylang #08-02 Prosper Ind Bldg Singapore 388431,Singapore 388431,1.315688,103.880384
K T Leong & Co,151 Chin Swee Rd #06-11 Manhattan Hse Singapore 169876,Singapore 169876,1.287186,103.84065
K W Chan & Co,37 Kallang Pudding Rd #03-01 Tong Lee Bldg-Blk B Singapore 349315,Singapore 349315,1.329394,103.878103
K Y Chiang & Co,180 Cecil St #10-02 Bangkok Bank Bldg Singapore 069546,Singapore 069546,1.279098,103.847827
K Y Chiang & Co,"Cecil St, Singapore 069546",Singapore 069546,1.279098,103.847827
K Y Chik & Associates,150 South Bridge Rd #06-04 Fook Hai Bldg Singapore 058727,Singapore 058727,1.285134,103.846524
K Y Chik & Associates,"150 South Bridge Rd, Singapore 058727",Singapore 058727,1.285134,103.846524
K. C. Chan & Co Pac,105 Cecil St #15-00 The Octagon Singapore 069534,Singapore 069534,1.280607,103.84906
K.S. Ng & Associates Pte Ltd,22 Lor 21A Geylang #06-01 Prosper Ind Bldg Singapore 388431,Singapore 388431,1.315688,103.880384
K.S. Ng & Co,"22 Lor 21A Geylang, #08-02 Prosper Industrial Building, Singapore 388431",Singapore 388431,1.315688,103.880384
K.S. Ng Advisory Pte. Ltd.,22 Lor 21A Geylang #08-02 Prosper Ind Bldg Singapore 388431,Singapore 388431,1.315688,103.880384
K.S. NG ADVISORY PTE. LTD.,"22 Lorong 21A Geylang, #08-02 Prosper Industrial Building, Singapore 388431",Singapore 388431,1.315688,103.880384
Kang & Khoo,"371 Beach Rd, Singapore 199597",Singapore 199597,1.302638,103.8622199
Kar & Company,"141 Middle Rd, Singapore 188976",Singapore 188976,1.2995969,103.852556
KDA Corporate Advisors Pte Ltd,"20 Maxwell Road, #09-17 Maxwell House, Singapore 069113", Singapore 069113,1.279136,103.844656
Kelvin Wong & Co,Blk 336 Smith St #04-304 New Bridge Centre Singapore 050336,Singapore 050336,1.282878,103.8425649
Ken Tan & Co,37 Kallang Pudding Rd #03-01 Tong Lee Bldg-Blk B Singapore 349315,Singapore 349315,1.329394,103.878103
Ken Wong & Co,178 Paya Lebar Rd #05-01  Singapore 409030,Singapore 409030,1.32982,103.890266
Ken Wong & Co,"Singapore, Tg Katong Rd178 Singapore 409030",Singapore 409030,1.32982,103.890266
Kew Yit Mian,519 Balestier Rd #03-01 Le Shantier Singapore 329852,Singapore 329852,1.326345,103.846606
Kit Yee & Co,10 Eunos Rd 8 #05-07 Singapore Post Centre Singapore 408600,Singapore 408600,1.319291,103.894819
KJK Corporate Solutions Pte Ltd,"171 TRAS STREET, UNION BUILDING, #07-171, Singapore 079025",Singapore 079025,1.274364,103.843877
KK Yap & Associates,35 Selegie Rd #10-18 Parklane Shopping Mall Singapore 188307,Singapore 188307,1.300626,103.849458
Kk Yap & Associates,"35 Selegie Rd, Singapore 188307",Singapore 188307,1.300626,103.849458
Klsc Management Pte Ltd,18 Boon Lay Way #03-136 TradeHub 21 Singapore 609966,Singapore 609966,1.328234,103.753597
Km Management Consultants Pte. Ltd.,"45 Tras St, Singapore 778984",Singapore 778984,1.402827,103.817478
Koh Management & Consultancy,Blk 86 Marine Parade Central #03-210  Singapore 440086,Singapore 440086,1.301492,103.906681
Koh Management - Corporate/Business Services Singapore,"7 Keppel Road, Tanjong Pagar Complex, #02-04/05, Singapore 089053",Singapore 089053,1.271418,103.842329
Koh Swee Tian & Co,7 Temasek Blvd #04-01 Suntec Tower One Singapore 038987,Singapore 038987,1.295285,103.85852
Koksin Management Services,"123 Bukit Merah Lane 1, Singapore 150123",Singapore 150123,1.286675,103.803776
KP Consultants LLP,"354 Joo Chiat Rd, Singapore 427600",Singapore 427600,1.308479,103.902999
KPMG Singapore,"#22-00, Hong Leong Building, 16 Raffles Quay, Singapore 048581",Singapore 048581,1.281304,103.850834
Kreston David Yeung Pac,128 Tg Pagar Rd   Singapore 088535,Singapore 088535,1.277589,103.843557
Kudos Cas Consultants Pte Ltd,9 Hongkong St #05-01  Singapore 059652,Singapore 059652,1.287488,103.847661
Kuek Buck Hiong & Co,246 MacPherson Rd #03-01A Betime Bldg Singapore 348578,Singapore 348578,1.3300829,103.875672
Kwan Wong Tan & Hong,15 Scotts Rd #04-01/03 Thong Teck Bldg Singapore 228218,Singapore 228218,1.307909,103.832893
Kwan Wong Tan & Hong,"Thong Teck Building #04-01/03, 15 Scotts Road (S)228218, Singapore 228218",Singapore 228218,1.307909,103.832893
L H Kan & Co,8 Marine Vista #02-27 Neptune Ct Singapore 449032,Singapore 449032,1.306699,103.9215679
L H Kwee & Co,101 Cecil St #09-12 Tong Eng Bldg Singapore 069533,Singapore 069533,1.281097,103.849324
L W Ong & Associates Llp,701 Sims Dr #08-01 LHK Bldg Singapore 387383,Singapore 387383,1.318597,103.877201
L Y Leong & Co,20 Kramat Lane #02-02 United Hse Singapore 228773,Singapore 228773,1.300958,103.842671
Lau Chin Huat & Co,Blk 336 Smith St #05-308 New Bridge Centre Singapore 050336,Singapore 050336,1.282878,103.8425649
Lau Chin Huat & Co,"50 Havelock Rd, Singapore 160050",Singapore 160050,1.289466,103.827011
Lau Lee Hua & Co,33 Ubi Ave 3 #04-71 Vertex Singapore 408868,Singapore 408868,1.33295,103.894131
LBT Progressive Services,"45B Edgefield Plains, #11-11, Waterbay, Singapore 828712",Singapore 828712,1.352083,103.819836
LCC Global,"200 Jln Sultan, Singapore 199018",Singapore 199018,1.303499,103.861257
LCC Global Corporate Services,"32 Maxwell Rd, Singapore 069115",Singapore 069115,1.27728,103.846528
"LCC PARTNERSHIP, CERTIFIED PUBLIC ACCOUNTANTS","Textile Centre, Singapore 199018",Singapore 199018,1.303499,103.861257
Lee & Hew Services Pte Ltd,160 Robinson Rd #18-09 Singapore Business Frderation Ctr Singapore 068914,Singapore 068914,1.352083,103.819836
Lee & Jonathan Pac,140 Paya Lebar Rd #07-20 AZ@Paya Lebar Singapore 409015,Singapore 409015,1.327334,103.89092
Lee Boon Song & Co Pac,190 Middle Rd #17-05 Fortune Centre Singapore 188979,Singapore 188979,1.300405,103.852241
Lee Chee Wung & Co,"371 Beach Rd, Singapore 199597",Singapore 199597,1.302638,103.8622199
Lee Chee Wung & Co,6001 Beach Rd #18-03A Golden Mile Tower Singapore 199589,Singapore 199589,1.302128,103.864082
Lee Kok Poh & Co,Blk 808 French Rd #03-28 Kitchener Complex Singapore 200808,Singapore 200808,1.308475,103.862009
Lee Kok Poh & Co,"Gsm Building #06-03, 141 Middle Road (S)188976, Singapore 188976",Singapore 188976,1.2995969,103.852556
Lee Ph & Associates,"151 Chin Swee Rd, Singapore 169676",Singapore 169676,1.2870826,103.8408451
Lee S F & Co,Blk 261 Waterloo St #03-08 Waterloo Centre Singapore 180261,Singapore 180261,1.2987169,103.851813
Lee Yuen Chin & Co,Blk 164 Bt Merah Central #03-3657  Singapore 150164,Singapore 150164,1.28344,103.816199
Leong Chik Choon & Co,"5001 Beach Rd, Singapore 199588",Singapore 199588,1.302908,103.864945
Letus Accountancy,"427 Ang Mo Kio Ave 3, Singapore 560427",Singapore 560427,1.369293,103.854499
Liew Keow Seng & Co,"1 Coleman St, Singapore 179803",Singapore 179803,1.291359,103.851346
Liew Keow Seng & Company,"257 Selegie Rd, Singapore 188350",Singapore 188350,1.304069,103.850206
Liew Keow Seng Public Accounting Corpn,1 Coleman St #06-06 The Adelphi Singapore 179803,Singapore 179803,1.291359,103.851346
Lim Chee Yong & Co,60 Paya Lebar Rd #10-32 Paya Lebar Sq Singapore 409051,Singapore 409051,1.318938,103.8926112
Lim Wan Chat & Co,Blk 637 Veerasamy Rd #02-107  Singapore 200637,Singapore 200637,1.30699,103.855851
Lim Wan Chat & Co,"Blk 637 Veerasamy Road, #02-107, Singapore 200637",Singapore 200637,1.30699,103.855851
Ling Uk Choon & Co,401 Havelock Rd #02-06 Hotel Miramar Singapore 169631,Singapore 169631,1.288468,103.83738
Linkz Assurance Pac,65 Chulia St #38-06 O C B C Centre Singapore 049513,Singapore 049513,1.285398,103.84953
LNA Consultants,"Anson Rd, Singapore 079903",Singapore 079903,1.276109,103.845924
LNM Management Services Pte Ltd,"11 E Coast Rd, Singapore 428722",Singapore 428722,1.304617,103.901888
Loh Kum Heng & Co,133 New Bridge Rd #15-01 Chinatown Pt Singapore 059413,Singapore 059413,1.285202,103.8449399
Loh Poh Lim & Co,3 Shenton Way #12-06 Shenton Hse Singapore 068805,Singapore 068805,1.278542,103.850011
Loh Poh Lim & Co,"Shenton House #12-06, 3 Shenton Way (S)068805, Singapore 068805",Singapore 068805,1.278542,103.850011
Loke Lum Pac,110 Middle Rd #05-00 Chiat Hong Bldg Singapore 188968,Singapore 188968,1.2988329,103.853724
Long River Business Service Pte Ltd,"1015 Geylang East Avenue 3 #02-131, Singapore 389730",Singapore 389730,1.319309,103.890522
Louise Neo & Company,"619E Bukit Timah Rd, Singapore 269725",Singapore 269725,1.324488,103.809309
Low Kok Kim & Co,315 Outram Rd #15-07 Tan Boon Liat Bldg Singapore 169074,Singapore 169074,1.287436,103.833889
LTC Consultant,"27 Hume Ave, Singapore 598731",Singapore 598731,1.355428,103.767241
Lui Chin Yen & Co,133 New Bridge Rd #08-04 Chinatown Pt Singapore 059413,Singapore 059413,1.285202,103.8449399
M Barak & Co,8A Jln Pisang   Singapore 199075,Singapore 199075,1.303143,103.858684
M H Tjoe & Co,89 Short St #04-18 Golden Wall Centre Singapore 188216,Singapore 188216,1.303684,103.851552
M I Management Services,"#04-03, 218F Changi Road (S)419737, Singapore 419737",Singapore 419737,1.317369,103.904221
M Ong Co,Blk 1003 Toa Payoh Ind Pk #03-1529  Singapore 319075,Singapore 319075,1.334582,103.860265
M S Ong & Associates,Blk 531 Up Cross St #03-15 Hong Lim Complex-Blk 531 Singapore 050531,Singapore 050531,1.2841959,103.845699
M S Ong & Associates,"12 Prince Edward Rd, Singapore 079212",Singapore 079212,1.274216,103.848255
M.F.B.I.A LLP,"146 Bishan Street 11, Singapore 570146",Singapore 570146,1.344064,103.854124
Maju Corporate Services Pte. Ltd.,"3 Pickering St #02-22, Singapore 048660",Singapore 048660,1.284855,103.847664
Mal Management Services Pte Ltd,Blk 194 Kim Keat Ave #01-402  Singapore 310194,Singapore 310194,1.330951,103.858203
Margin Wheeler,"21 Bukit Batok Crescent, #16-78 Wcega Tower Singapore, Singapore 658065",Singapore 658065,1.337164,103.759705
Mary G & Co Pte. Ltd.,200 Jln Sultan #03-11 Textile Centre Singapore 199018,Singapore 199018,1.303499,103.861257
Maurice Ho & Co,Blk 802 French Rd #02-63  Singapore 200802,Singapore 200802,1.307345,103.860105
Maurice Ho & Co,"24 Peck Seah St, Singapore 079314",Singapore 079314,1.278261,103.844907
Mayron Pte Ltd,"Gm, 625 Lorong 4 Toa Payoh (S)319519, Singapore 319519",Singapore 319519,1.332759,103.853148
Mazars LLP,133 Cecil St #15-02 Keck Seng Tower Singapore 069535,Singapore 069535,1.280305,103.848906
Mehervan Singh & Co,5001 Beach Rd #07-23/25 Golden Mile Complex Singapore 199588,Singapore 199588,1.302908,103.864945
Melioris Private Limited,81 Ubi Ave 4 #07-11  Singapore 408830,Singapore 408830,1.3335459,103.891785
MGI Menon & Associates,60 Robinson Rd #11-01 BEA Bldg Singapore 068892,Singapore 068892,1.280664,103.849728
MGI Menon & Associates,"60 Robinson Road #11-01 BEA Building, Singapore 068892",Singapore 068892,1.280664,103.849728
Mgi S'pore Pac,51 Anson Rd #09-55 Anson Centre Singapore 079904,Singapore 079904,1.274627,103.845714
Mhc Partnership Llp,1 Coleman St #06-05 The Adelphi Singapore 179803,Singapore 179803,1.291359,103.851346
Mjma Pac,3791 Jln Bt Merah #10-01 E-Centre @ Redhill Singapore 159471,Singapore 159471,1.285298,103.811644
Mln Consultant Private Ltd,8 Temasek Blvd #08-05/06 Suntec Tower Three Singapore 038988,Singapore 038988,1.295241,103.859489
Modetti,"14, Robinson Road, #08-01A, Far East Finance Building,, Singapore 048545",Singapore 048545,1.282183,103.850799
Modetti Office Services Group (Head Office),"1, Raffles Place, #25-03, One Raffles Place Tower 1, Singapore, Singapore 048616",Singapore 048616,1.284479,103.851082
Mok Charp Khai & Co,5001 Beach Rd #03-26 Golden Mile Complex Singapore 199588,Singapore 199588,1.302908,103.864945
Molly's Management Services,"121 McNair Rd, Singapore 320121",Singapore 320121,1.318808,103.856457
Money Matters For Expats Pte Ltd,583 Orchard Rd #06-01 Forum Singapore 238884,Singapore 238884,1.306339,103.828639
Moore Stephens Llp,10 Anson Rd #29-15 International Plaza Singapore 079903,Singapore 079903,1.276109,103.845924
MSS Consultancy Pte. Ltd.,"10 Anson Rd, Singapore 079903",Singapore 079903,1.276109,103.845924
My Partnership,420 North Bridge Rd #02-09 North Bridge Centre Singapore 188727,Singapore 188727,1.297395,103.8549139
N F Lee & Co,35 Selegie Rd #04-06 Parklane Shopping Mall Singapore 188307,Singapore 188307,1.300626,103.849458
N Rajan Associates,10 Jln Besar #10-12 Sim Lim Tower Singapore 208787,Singapore 208787,1.304039,103.8546719
Nacn International Pac,60 Albert St #16-04 OG Albert Complex Singapore 189969,Singapore 189969,1.3020259,103.853648
Natarajan & Swaminathan,1 North Bridge Rd #19-06 High St Centre Singapore 179094,Singapore 179094,1.28983,103.849601
Nice Management & Secretarial Services,"6001 Beach Rd, Singapore 199589",Singapore 199589,1.302128,103.864082
Nicoichi Pte Ltd,"# 06-09E, Maxwell House, 20 Maxwell Rd, Singapore 069133",Singapore 069133,1.352083,103.819836
Nikkkoss & Co,5A Craig Rd   Singapore 089665,Singapore 089665,1.277484,103.843114
Nla Dfk Assurance Pac,143 Cecil St #17-03 G B Bldg Singapore 069542,Singapore 069542,1.278886,103.848024
Nooncloud Pte Ltd,"Level 30, Six, Battery Rd, Singapore 499909",Singapore 499909,1.352083,103.819836
NSC & Associates Pac,111 North Bridge Rd #21-02 Peninsula Plaza Singapore 179098,Singapore 179098,1.292307,103.850442
NSC Management Services Pte Ltd,51 Bt Batok Cres #08-05 Unity Centre Singapore 658077,Singapore 658077,1.338065,103.757031
Nuovo Consulting Pte Ltd,133 Cecil St #06-02 Keck Seng Tower Singapore 069535,Singapore 069535,1.280305,103.848906
Odds & Even Associates,151 Chin Swee Rd #06-01 Manhattan Hse Singapore 169876,Singapore 169876,1.287186,103.84065
Odds & Even Associates,"151 Chin Swee Rd, Singapore 169876",Singapore 169876,1.287186,103.84065
Officesmart Investment Pte Ltd,"9 Howard Rd, Singapore 369581",Singapore 369581,1.333431,103.885736
One Partnership Pac,1 Robinson Rd #14-01 AIA Tower Singapore 048542,Singapore 048542,1.281966,103.851059
One Stop Accounting - Accounting Software Singapore,"105 Sims Avenue, #09-12 Chancerlodge Complex, Singapore 387429",Singapore 387429,1.314513,103.877245
ONE-STOP FINANCIAL SERVICES,"10 ANSON ROAD, #26-04 INTERNATIONAL PLAZA, SINGAPORE, Singapore 079903",Singapore 079903,1.276109,103.845924
OneAsia Corporate Services Pte. Ltd.,"36B Hongkong Street, Holly Building 3rd Storey, Singapore 059675",Singapore 059675,1.28748,103.847359
Ong C H & Co,110 Jln Jurong Kechil #02-01 Sweebi Hse Singapore 598606,Singapore 598606,1.340938,103.772179
Ong Teh & Co,"89 Short St, Singapore 188216",Singapore 188216,1.303684,103.851552
Ong Teh Pac,89 Short St #10-02 Golden Wall Centre Singapore 188216,Singapore 188216,1.303684,103.851552
Onn Ping Lan & Co,Blk 809 French Rd #05-168 Kitchener Complex Singapore 200809,Singapore 200809,1.308384,103.861858
Onn Ping Lan & Co,"809 French Rd, Singapore 200809",Singapore 200809,1.308384,103.861858
Othank1 Pte Ltd,3 Soon Lee St #06-01  Singapore 627606,Singapore 627606,1.3337683,103.6975025
Outbox Corporate Services Pte Ltd,"632 Veerasamy Rd, Block 632, Singapore 200632",Singapore 200632,1.30617,103.85446
P B Low & Co,50 Armenian St #03-03  Singapore 179938,Singapore 179938,1.294437,103.8495669
P C Lee & Co,545 Orchard Rd #10-06 Far East Shopping Centre Singapore 238882,Singapore 238882,1.3055779,103.830139
P G Wee Partnership LLP,"79 Anson Rd, #07-03, Singapore 079906",Singapore 079906,1.2742309,103.845569
P H Leong & Co,"Golden Wall Centre #04-15, 89 Short Street (S)188216, Singapore 188216",Singapore 188216,1.303684,103.851552
P K Loke & Partners LLP,"19 Keppel Road, #03-10 Jit Poh Building, Singapore 089058",Singapore 089058,1.272967,103.8421539
P K Tiong & Co,10 Eunos Rd 8 #05-07 Singapore Post Centre Singapore 408600,Singapore 408600,1.319291,103.894819
P N Cheong & Co,865 Mountbatten Rd #05-18 Katong Shopping Centre Singapore 437844,Singapore 437844,1.303746,103.901182
P S Phuan & Co,"261 Lavender St, Singapore 338794",Singapore 338794,1.315428,103.859109
P S Tay Pte. Ltd.,3 Pickering St #03-03 Nankin Row Singapore 048660,Singapore 048660,1.284855,103.847664
P T Lim & Co,545 Orchard Rd #15-10 Far East Shopping Centre Singapore 238882,Singapore 238882,1.3055779,103.830139
P. T. Lim & Co,Fax  545 Orchard Rd #15-10 Far East Shopping Centre Singapore 238882,Singapore 238882,1.3055779,103.830139
Pan Asia Corporate Services Pte. Ltd.,2 Kallang Ave #08-29 CT Hub Singapore 339407,Singapore 339407,1.311457,103.8634469
Pan-China S'pore Pac,80 South Bridge Rd #03-02 Golden Castle Bldg Singapore 058710,Singapore 058710,1.2867789,103.8479739
Patceljon Professional Services Pte Ltd,1003 Bt Merah Central #06-13 Technoprenuer Centre@Bukit Merah Singapore 159836,Singapore 159836,1.283259,103.814735
Patrick Kan & Co,80 Marine Parade Rd #16-09 Parkway Parade Singapore 449269,Singapore 449269,1.301072,103.905281
Patrick Tee & Co,35 Selegie Rd #09-19 Parklane Shopping Mall Singapore 188307,Singapore 188307,1.300626,103.849458
Paul Go & Co,15 Enggor St #08-04 Realty Centre Singapore 079716,Singapore 079716,1.274071,103.844149
Paul Go & Co,"Beach Rd, Singapore 199591",Singapore 199591,1.299782,103.860659
Paul Hooi & Co,190 Middle Rd #14-01 Fortune Centre Singapore 188979,Singapore 188979,1.300405,103.852241
Paul Hype Page Management Services Pte. Ltd,10 Anson Rd #22-15 International Plaza Singapore 079903,Singapore 079903,1.276109,103.845924
Paul Wan & Co,10 Anson Rd #35-08 International Plaza Singapore 079903,Singapore 079903,1.276109,103.845924
Payroll Outsourcing Services,"20 Maxwell Road, #11-24/25 Maxwell House, Singapore 069113",Singapore 069113,1.279136,103.844656
PayrollServe,"8 Wilkie Rd, Singapore 228095",Singapore 228095,1.302102,103.849615
Peter Comm,Fax  190 Middle Rd #03-21 Fortune Centre Singapore 188979,Singapore 188979,1.300405,103.852241
PG Wee & Partners,"143 Cecil St, Singapore 069542",Singapore 069542,1.278886,103.848024
Philip Liew & Co,190 Middle Rd #14-05 Fortune Centre Singapore 188979,Singapore 188979,1.300405,103.852241
PHR International Executive Search,"17 Upper Circular Rd, Singapore 058415",Singapore 058415,1.28881,103.847986
Phr Services Pte Ltd,"Jumbo seafood @Riverwalk, Singapore 058416",Singapore 058416,1.28887,103.848344
Pinnacle Partnership Llp,55 Lor L Telok Kurau #03-63 Bright Centre Singapore 425500,Singapore 425500,1.311723,103.910552
PL Biz Consulting Pte Ltd,175A Bencoolen St #07-02 Burlington Sq Singapore 189650,Singapore 189650,1.3020179,103.852486
Planassure Pac,"Cecil St, Singapore 069538",Singapore 069538,1.280756,103.848778
PlanPartners Pac,"138 Cecil St, Singapore 069538",Singapore 069538,1.280756,103.848778
PlanPartners Pac,138 Cecil St #18-00 Cecil Ct Singapore 069538,Singapore 069538,1.280756,103.848778
Plus Llp,190 Middle Rd #15-08 Fortune Centre Singapore 188979,Singapore 188979,1.300405,103.852241
Praise The Lord Accounting Services Pte. Ltd.,9A Eng Kong Ter   Singapore 598981,Singapore 598981,1.336473,103.768604
Precursor Assurance Pac,60 Albert St #14-04 OG Albert Complex Singapore 189969,Singapore 189969,1.3020259,103.853648
PricewaterhouseCoopers LLP,8 Cross St #16-00 PWC Bldg Singapore 048424,Singapore 048424,1.282132,103.848925
Prim Management Services,"HDB Woodlands #09-397, 820 Woodlands Street 82 (S)730820, Singapore 730820",Singapore 730820,1.441146,103.789995
Prislyn Consultancy Pte Ltd,101 Kitchener Rd #02-13 Jln Besar Plaza Singapore 208511,Singapore 208511,1.308783,103.85821
Pro 1 Management Consultants Pte Ltd,19 Keppel Rd #03-07 Jit Poh Bldg Singapore 089058,Singapore 089058,1.272967,103.8421539
Pro-Excellence Management Service Pte Ltd,33 Ubi Ave 3 #08-14 Vertex Singapore 408868,Singapore 408868,1.33295,103.894131
Prowess Consultancy,"#01-480, 10 Defu Lane 10 (S)539191, Singapore 339191",Singapore 339191,1.313536,103.867455
Prudential Public Accounting Corpn,17 Phillip St #05-02 Grand Bldg Singapore 048695,Singapore 048695,1.28441,103.849737
Quality Biz Consultants Pte Ltd,Blk 12 North Bridge Rd #22-3958  Singapore 190012,Singapore 190012,1.304397,103.862711
Quantum Leap Corporate Advisory Pte. Ltd.,"29A Chai Chee Ave, Singapore 461029",Singapore 461029,1.324592,103.924035
R Ashraff Ali & Co,10 Jln Besar #15-03 Sim Lim Tower Singapore 208787,Singapore 208787,1.304039,103.8546719
R Chan & Associates Pac,100 Beach Rd #25-06 Shaw Towers Singapore 189702,Singapore 189702,1.296485,103.856559
R Chan & Co,"100 Beach Rd, Singapore 189702",Singapore 189702,1.296485,103.856559
R Nithianantham & Co,51 Anson Rd #07-51 Anson Centre Singapore 079904,Singapore 079904,1.274627,103.845714
R Nithianantham & Co,"Anson Centre #07-51, 51 Anson Road (S)079904, Singapore 079904",Singapore 079904,1.274627,103.845714
R&r Corporate Services Pte. Ltd.,"13 Lor 8 Toa Payoh, Singapore 319261",Singapore 319261,1.340668,103.857721
R.Venkataramani & Co,77 High St #03-10 High St Plaza Singapore 179433,Singapore 179433,1.290516,103.849283
Rama & Co,17 Phillip St #05-02 Grand Bldg Singapore 048695,Singapore 048695,1.28441,103.849737
Rama & Co,"17 Phillip St, Singapore 048695",Singapore 048695,1.28441,103.849737
Realtimme IT Consultancy Pte Ltd,"8 Burn Rd, Singapore 699977",Singapore 699977,1.352083,103.819836
Red Dot Business Support Services,"Registered Office : 10 Anson Road #26-04, International Plaza, Singapore, Singapore 079903",Singapore 079903,1.276109,103.845924
Register Management Services Pte. Ltd.,55 Changi Rd #02-01  Singapore 419709,Singapore 419709,1.316914,103.899011
Regnum Corporate Services Pte Ltd,105 Cecil St #20-02 The Octagon Singapore 069534,Singapore 069534,1.280607,103.84906
Reliance Audit Llp,Fax  100 Cecil St #08-01 The Globe Singapore 069532,Singapore 069532,1.281143,103.848965
Richard Chan & Co,"51 Goldhill Plaza, Singapore 308900",Singapore 308900,1.318222,103.842817
Richard Consultants Pte Ltd,51 Goldhill Plaza #15-06 Goldhill Plaza Singapore 308900,Singapore 308900,1.318222,103.842817
Richard Ho & Co,35 Selegie Rd #10-05 Parklane Shopping Mall Singapore 188307,Singapore 188307,1.300626,103.849458
Richard Ho & Co,"35 Selegie Rd, Singapore 188307",Singapore 188307,1.300626,103.849458
Richard Lim & Co,342D King George's Ave  King George's Bldg Singapore 208575,Singapore 208575,1.310361,103.862334
Richard Tan & Co,711 Geylang Rd #03-04 Oriental Venture Bldg Singapore 389626,Singapore 389626,1.314653,103.889701
Risen LLP,"8 Wholesale Centre, Singapore 110008",Singapore 110008,1.286798,103.776558
RJ Globe Management,"100 Cecil St, #10-01, Singapore 069532",Singapore 069532,1.281143,103.848965
Robert Tan Partners Pac,61 Club St   Singapore 069436,Singapore 069436,1.281752,103.8461559
Robert Yam & Co,190 Middle Rd #16-03 Fortune Centre Singapore 188979,Singapore 188979,1.300405,103.852241
Rohan.Mah & Partners Llp,8 Shenton Way #21-08 AXA Tower Singapore 068811,Singapore 068811,1.275386,103.8472589
Roundbox Llp,21 Bt Batok Cres #21-82 WCEGA Tower Singapore 658065,Singapore 658065,1.337164,103.759705
RSM Chio Lim,"8 Wilkie Rd, Singapore 228095",Singapore 228095,1.302102,103.849615
Rt Fisher U.S. Tax & College Planning Services Pte. Ltd.,5000N Marine Parade Rd #22-58 Lagoon View Singapore 449295,Singapore 449295,1.310731,103.933412
Rt Llp,1 Raffles Pl #17-02 One Raffles Pl Singapore 048616,Singapore 048616,1.284479,103.851082
RxP,"63, Hillview Avenue, #03-09, Lam Soon Industrial Building, Singapore 669569",Singapore 669569,1.357084,103.763605
S B Tan & Co,Blk 118 Aljunied Ave 2 #06-104  Singapore 380118,Singapore 380118,1.320126,103.887252
S C Mohan & Associates,8 Burn Rd #07-07 Trivex Singapore 369977,Singapore 369977,1.335497,103.885304
S C Teo & Co,149 Rochor Rd #05-07 Fu Lu Shou Complex Singapore 188425,Singapore 188425,1.301531,103.854515
S C Teo & Co,"Fu Lu Shou Complex #05-07, 149 Rochor Road (S)188425, Singapore 188425",Singapore 188425,1.301531,103.854515
S F Lee & Co,"North Bridge Commercial Complex #04-22, 470 North Bridge Road (S)188735, Singapore 188735",Singapore 188735,1.298285,103.855493
S H Ong Llp,545 Orchard Rd #11-07 Far East Shopping Centre Singapore 238882,Singapore 238882,1.3055779,103.830139
S H Tang & Associates,Blk 809 French Rd #07-160 Kitchener Complex Singapore 200809,Singapore 200809,1.308384,103.861858
S J Chung & Co,21 Bt Batok Cres #15-74 WCEGA Tower Singapore 658065,Singapore 658065,1.337164,103.759705
S J Chung & Co,"#02-02, 8 Liang Seah Street (S)189029, Singapore 189029",Singapore 189029,1.29783,103.856574
S K Cheong & Co,9 Temasek Blvd #19-02A Suntec Tower Two Singapore 038989,Singapore 038989,1.295556,103.859041
S L Koh & Co,10 Jln Besar #11-10 Sim Lim Tower Singapore 208787,Singapore 208787,1.304039,103.8546719
S L Koh & Co,"North Bridge Commercial Complex #02-06, 470 North Bridge Road (S)188735, Singapore 188735",Singapore 188735,1.298285,103.855493
S L Lim & Co,101 Up Cross St #05-14 People's Pk Centre Singapore 058357,Singapore 058357,1.2856991,103.8436608
S Renganathan & Co,101 Cecil St #23-12 Tong Eng Bldg Singapore 069533,Singapore 069533,1.281097,103.849324
S S Ang & Co,3 Shenton Way #15-08 Shenton Hse Singapore 068805,Singapore 068805,1.278542,103.850011
S S Lim & Co,50 Chin Swee Rd #05-08 Thong Chai Bldg Singapore 169874,Singapore 169874,1.287698,103.840408
S Tan Management Services,"Bayshore Park #11-09, 66 Bayshore Road (S)469985, Singapore 469985",Singapore 469985,1.310791,103.93804
S Y Wong & Co,6001 Beach Rd #16-09 Golden Mile Tower Singapore 199589,Singapore 199589,1.302128,103.864082
S. Lee Public Accounting Corpn,10 Ubi Cres #03-88 Ubi Techpark Singapore 408564,Singapore 408564,1.326293,103.896145
Sasco Consultants,Singapore 058727,Singapore 058727,1.285134,103.846524
Sashi Kala Devi Associates,31 Cantonment Rd   Singapore 089747,Singapore 089747,1.2788949,103.840328
Saw Meng Tee & Partners PAC,1 North Bridge Rd #23-01 High St Centre Singapore 179094,Singapore 179094,1.28983,103.849601
SBS Consulting,"SBS Consulting Pte Ltd High Street Centre, #17-02, 1 Road,, 1 North Bridge Road, Singapore 179094",Singapore 179094,1.28983,103.849601
SC Cloud Accountants,"Chinatown, People's Park Centre, #05-16, 101 Upper Cross St, Singapore 058357",Singapore 058357,1.2856991,103.8436608
Scor Services Asia-Pacific Pte Ltd,160 Robinson Rd #27-02 Singapore Business Frderation Ctr Singapore 068914,Singapore 068914,1.352083,103.819836
Scs Global Pac,10 Anson Rd #15-07 International Plaza Singapore 079903,Singapore 079903,1.276109,103.845924
Sean Lim & Partners,8 Ubi Rd 2 #07-17 Zervex Singapore 408538,Singapore 408538,1.333947,103.894921
Sean Lim & Partners,"8 Ubi Rd 2, Singapore 408538",Singapore 408538,1.333947,103.894921
Servhom.Biz Pte. Ltd.,8 Burn Rd #05-02 Trivex Singapore 369977,Singapore 369977,1.335497,103.885304
Sg Tax Alliance Services Pte Ltd,Fax  24 Peck Seah St #02-03 Nehsons Bldg Singapore 079314,Singapore 079314,1.278261,103.844907
Shafiq K & Co,141 Middle Rd #06-07A GSM Bldg Singapore 188976,Singapore 188976,1.2995969,103.852556
Shafiq K & Co,"141 Middle Rd, #04-08a Singapore 188976",Singapore 188976,1.2995969,103.852556
Shan Consultancy Services Pte Ltd,20 Maxwell Rd #07-05 Maxwell Hse Singapore 069113,Singapore 069113,1.279136,103.844656
Shangyew Public Accounting Corpn,415B Jln Besar   Singapore 209016,Singapore 209016,1.31398,103.859971
Shirley Mok & Partners,10 Anson Rd #29-10 International Plaza Singapore 079903,Singapore 079903,1.276109,103.845924
Sigma Corporate Solutions Pte Ltd,18 Roberts Lane #03-01 Goodland Bldg Singapore 218297,Singapore 218297,1.3104,103.853756
Silver Star Consulting Pte Ltd,"111 North Bridge Road #05-21 Peninsula Plaza Singapore, Singapore 179098",Singapore 179098,1.292307,103.850442
Simbiosis Consulting Pte Ltd,8 Eu Tong Sen St #18-85 The Central Singapore 059818,Singapore 059818,1.288529,103.846784
Simple A.C.T,"788 Yishun Ave 2, #07-1485, Singapore 660788",Singapore 660788,1.352083,103.819836
Singapore Accounting & Business Services Pte. Ltd.,10 Anson Rd #16-12 International Plaza Singapore 079903,Singapore 079903,1.276109,103.845924
Singapore Accounting Services,"8 Marina View, Asia Square Tower 1, Singapore 018960",Singapore 018960,1.278968,103.851237
Singapore Accounting Software,"105 Sims Ave # 09-12, Chancerlodge Complex, Singapore, 387429","ingapore, 387429",1.314513,103.877245
Singapore Accounts,"35 Hongkong St, Singapore 059674",Singapore 059674,1.2875049,103.847299
Singapore Assurance PAC,60 Paya Lebar Rd #09-39 Paya Lebar Sq Singapore 409051,Singapore 409051,1.318938,103.8926112
Singapore Co Formation Consultants Pte. Ltd.,10 Anson Rd #26-04 International Plaza Singapore 079903,Singapore 079903,1.276109,103.845924
Singapore Sun Bridge Pte. Ltd.,50 Raffles Pl #34-04 Singapore Land Tower Singapore 048623,Singapore 048623,1.284542,103.851951
SingaporeAccounting.com Pte. Ltd.,"6 The Central 059817, 10-14 Eu Tong Sen St, Singapore 059815",Singapore 059815,1.288751,103.8468369
Sinshield Pte. Ltd.,"65 Chulia Street OCBC Centre, Singapore 049513",Singapore 049513,1.285398,103.84953
SKYAP Consulting Pte. Ltd.,7500A Beach Rd #08-309 The Plaza Singapore 199591,Singapore 199591,1.299782,103.860659
Smalley & Sims Pac,1 Coleman St #06-10 The Adelphi Singapore 179803,Singapore 179803,1.291359,103.851346
Smart Accounting Solutions,"506A Serangoon North Ave 4, Singapore 551506",Singapore 551506,1.373134,103.875708
Sme Accounting & Tax Services Pte. Ltd.,10D Hougang St 11 #10-47  Singapore 534076,Singapore 534076,1.3524457,103.8817321
SmePayroll,"16 Kallang Pl, Singapore 339156",Singapore 339156,1.31624,103.866544
SMU School of Accountancy,"60 Stamford Road, Singapore 178900",Singapore 178900,1.295622,103.850131
Song Hui Commercial Services Pte Ltd,"100 Jln Sultan, Singapore 199001",Singapore 199001,1.302832,103.861969
Soo Geok Keen & Co,"13 Angora Cl, Singapore 149958",Singapore 149958,1.291526,103.805617
Squarebook Advisory Pte Ltd,75 High St  Wisma Sugnomal Singapore 179435,Singapore 179435,1.290426,103.849624
Sri Murali & Co,101 Cecil St #23-12 Tong Eng Bldg Singapore 069533,Singapore 069533,1.281097,103.849324
Startup Accounts Pte Ltd,"Startup Accounts Pte Ltd, 180 Kitchener Road, City Square Mall, #09-09, Singapore 208599",Singapore 208599,1.3114724,103.8566701
Starwings Solution Pte. Ltd.,8 Burn Rd #15-04 Trivex Singapore 369977,Singapore 369977,1.335497,103.885304
Stas Business Solutions,22 Yio Chu Kang Rd #02-20 Highland Centre Singapore 545535,Singapore 545535,1.355269,103.877023
Stephen Koh & Co,101 Cecil St #23-05 Tong Eng Bldg Singapore 069533,Singapore 069533,1.281097,103.849324
Stephen Liu & Associates,101 Cecil St #08-06 Tong Eng Bldg Singapore 069533,Singapore 069533,1.281097,103.849324
Stephen Liu & Associates,"Cecil St, Singapore 069531",Singapore 069531,1.281452,103.849209
Steven Tan Russell Bedford Pac,25 International Business Pk #04-22 German Centre Singapore 609916,Singapore 609916,1.324738,103.746782
Stonenest Consultancy Services (Pte) Ltd,221 Balestier Rd #03-07 Rocca Balestier Singapore 329928,Singapore 329928,1.321274,103.852631
Strategic Audit Alliance PAC,10 Anson Rd #27-08 International Plaza Singapore 079903,Singapore 079903,1.276109,103.845924
Subraco Llp,35 Selegie Rd #09-14 Parklane Shopping Mall Singapore 188307,Singapore 188307,1.300626,103.849458
Success Corporate Services Pte Ltd,30 Bt Batok St 21  The Dew Singapore 659636,Singapore 659636,1.34683,103.755982
Supreme Book-Keeping & Admin Services,"76A Lor 27 Geylang, Singapore 388194",Singapore 388194,1.315396,103.883757
Swift Corporate Services,"5 Kaki Bukit Rd 1, Singapore 155936",Singapore 155936,1.352083,103.819836
Sya Pac,160 Robinson Rd #26-03 Singapore Business Frderation Ctr Singapore 068914,Singapore 068914,1.352083,103.819836
Synotax Pte. Ltd.,62 Neil Rd   Singapore 088833,Singapore 088833,1.279932,103.842237
T C Tan & Co.,"150 South Bridge Rd, Singapore 058727",Singapore 058727,1.285134,103.846524
T C Wee & Co,151 Chin Swee Rd #03-23 Manhattan Hse Singapore 169876,Singapore 169876,1.287186,103.84065
T F Mah & Co,"151 Chin Swee Rd, Singapore 169876",Singapore 169876,1.287186,103.84065
T H Tan & Co,60 Paya Lebar Rd #06-36 Paya Lebar Sq Singapore 409051,Singapore 409051,1.318938,103.8926112
T Ravi & Co,101 Cecil St #24-10 Tong Eng Bldg Singapore 069533,Singapore 069533,1.281097,103.849324
T S Choo & Co,10 Jln Besar #10-01 Sim Lim Tower Singapore 208787,Singapore 208787,1.304039,103.8546719
T S Choo & Co,"Sim Lim Tower #10-01, 10 Jalan Besar (S)208787, Singapore 208787",Singapore 208787,1.304039,103.8546719
T S Tay Public Accounting Corpn,1 Sophia Rd #05-14 Peace Centre Singapore 228149,Singapore 228149,1.301511,103.849561
T W Ong & Co,6001 Beach Rd #12-02 Golden Mile Tower Singapore 199589,Singapore 199589,1.302128,103.864082
T Y Kan & Co,150 South Bridge Rd #04-02 Fook Hai Bldg Singapore 058727,Singapore 058727,1.285134,103.846524
T.K.Low & Co Pte. Ltd.,101 Cecil St #25-08 Tong Eng Bldg Singapore 069533,Singapore 069533,1.281097,103.849324
Tal Alliance,180 Joo Chiat Rd #03-01  Singapore 427451,Singapore 427451,1.3126279,103.900006
Tall Trees Consulting Pte. Ltd.,"14 Bloxhome Dr, Singapore 559709",Singapore 559709,1.361572,103.863538
Tamc & Co,"10 Anson Raod #26-04 International Plaza, Singapore 079903",Singapore 079903,1.276109,103.845924
Tan & Associates,10 Anson Rd #28-01 International Plaza Singapore 079903,Singapore 079903,1.276109,103.845924
Tan & Associates,"10 Anson Rd, Singapore 079903",Singapore 079903,1.276109,103.845924
Tan & Teh,1 C'wealth Lane #07-31  Singapore 149544,Singapore 149544,1.304438,103.796798
Tan Chan & Partners,"2 Havelock Rd, Singapore 059763",Singapore 059763,1.287135,103.84517
Tan Choon Chye & Co,6001 Beach Rd #12-10 Golden Mile Tower Singapore 199589,Singapore 199589,1.302128,103.864082
Tan Choon Chye & Co,"Golden Mile Tower #12-10, 6001 Beach Road (S)199589, Singapore 199589",Singapore 199589,1.302128,103.864082
Tan Eng Choon & Co,18 Jln Masjid #02-07 Kembangan Plaza Singapore 418944,Singapore 418944,1.320291,103.9123709
Tan Kia Yew & Co,1 C'wealth Lane #07-31  Singapore 149544,Singapore 149544,1.304438,103.796798
Tan Kia Yew & Co,"7 Maxwell Rd, Singapore 069111",Singapore 069111,1.279376,103.846712
Tan Kian Tin & Co,161 Lavender St #02-08 Lavender Pl Singapore 338750,Singapore 338750,1.313177,103.8608
Tan Lee Kiew & Co,3791 Jln Bt Merah #03-03 E-Centre @ Redhill Singapore 159471,Singapore 159471,1.285298,103.811644
Tan Lee Kiew & Co,"46 E Coast Rd, Singapore 428766",Singapore 428766,1.304483,103.903276
Tan Meng Suah,6001 Beach Rd #11-02 Golden Mile Tower Singapore 199589,Singapore 199589,1.302128,103.864082
Tan Siew Choo,"20 Woodlands Link, Singapore 738733",Singapore 738733,1.450379,103.811297
Tan Soo Chong & Co,10 Anson Rd #17-07 International Plaza Singapore 079903,Singapore 079903,1.276109,103.845924
Tan Wee Tin & Co,1 Goldhill Plaza #03-39 Goldhill Plaza Singapore 308899,Singapore 308899,1.318222,103.842817
"Tan, Chan & Partners",26 Eng Hoon St   Singapore 169776,Singapore 169776,1.283633,103.834727
"Tan, Chan & Partners Accounting Firm","26 Eng Hoon St, Singapore 169776",Singapore 169776,1.283633,103.834727
Tang Cheng Lin & Co,151 Chin Swee Rd #02-20 Manhattan Hse Singapore 169876,Singapore 169876,1.287186,103.84065
Tassure Asia Llp,10 Anson Rd #12-08 International Plaza Singapore 079903,Singapore 079903,1.276109,103.845924
Tax Strategy Consultancy Services,"4 Jln Simpang Bedok, Singapore 488150",Singapore 488150,1.3329549,103.946173
Taxation Services Singapore,"High Street Centre, #17-02, 1 North Bridge Road, Singapore, Singapore 179094",Singapore 179094,1.28983,103.849601
Tay Joo Soon & Co,1 North Bridge Rd #13-02/03 High St Centre Singapore 179094,Singapore 179094,1.28983,103.849601
Tay Joo Soon & Co,"High Street Centre #13-02/03, 1 North Bridge Road (S)179094, Singapore 179094",Singapore 179094,1.28983,103.849601
Tc Corporatenet.Com Pte Ltd,170 Up Bt Timah Rd #05-11 Bt Timah Shopping Centre Singapore 588179,Singapore 588179,1.343236,103.775833
Teddy Chew,50 Chin Swee Rd #10-01 Thong Chai Bldg Singapore 169874,Singapore 169874,1.287698,103.840408
Teh Kwi Huat Pac,149 Rochor Rd #05-01 Fu Lu Shou Complex Singapore 188425,Singapore 188425,1.301531,103.854515
Teh Management Services Pte. Ltd.,"31 Cantonment Rd, Singapore 089747",Singapore 089747,1.2788949,103.840328
Telstar Business Services,"100 Eu Tong Sen St, Singapore 059812",Singapore 059812,1.282122,103.840885
Teng Teck Heng & Co,150 Orchard Rd #07-10 Orchard Plaza Singapore 238841,Singapore 238841,1.301284,103.841309
Teo Boon Tieng & Co,"215 Henderson Road #03-03 Henderson Industrial Park, Singapore 159554",Singapore 159554,1.2807519,103.819215
Teo Eng Tian & Co,111 North Bridge Rd #25-01 Peninsula Plaza Singapore 179098,Singapore 179098,1.292307,103.850442
Teo Eng Tian & Co,"47 Hongkong St, Singapore 059685",Singapore 059685,1.287224,103.847792
Teo Liang Chye Pac,101A Up Cross St #11-15 People's Pk Centre Singapore 058358,Singapore 058358,1.285429,103.84363
The Azure Box Pte. Ltd.,22 Sin Ming Lane #08-88 Midview City Singapore 573969,Singapore 573969,1.358606,103.833566
The Book Keeper Consultancy Pte. Ltd.,"Anson Rd, International Plaza, Singapore 079903",Singapore 079903,1.276109,103.845924
The World Management Pte Ltd,100 Lor 23 Geylang #06-01 D'Centennial Singapore 388398,Singapore 388398,1.31792,103.881105
Theistic Pte Ltd,140 Rangoon Rd #01-00  Singapore 218418,Singapore 218418,1.315755,103.853453
Thia & Co,1008 Toa Payoh Nth #05-04  Singapore 318996,Singapore 318996,1.342803,103.845939
Thong & Lim,"60 Paya Lebar Road, #08-12 Paya Lebar Square, Singapore 409051",Singapore 409051,1.318938,103.8926112
Timeplus Business Concepts,"8 Burn Rd, Singapore 369977",Singapore 369977,1.335497,103.885304
Ting Yi Management Consultants,"309 Serangoon Ave 2, Singapore 550309",Singapore 550309,1.35378,103.865118
Tj Assurance Partners Pac,175A Bencoolen St #11-04 Burlington Sq Singapore 189650,Singapore 189650,1.3020179,103.852486
Tje Management & Secretarial Services Pte. Ltd.,60 Paya Lebar Rd #13-07 Paya Lebar Sq Singapore 409051,Singapore 409051,1.318938,103.8926112
Tks Management Services,"3 Phillip St, Singapore 048693",Singapore 048693,1.2847519,103.849941
TN Accounts & Payroll Pte Ltd,Blk 531A Up Cross St #03-108 Hong Lim Complex-Blk 531A Singapore 051531,Singapore 051531,1.285321,103.845851
TNB Global Outsource Pte Ltd,11 Collyer Quay #06-03 The Arcade Singapore 049317,Singapore 049317,1.283529,103.852003
Tokyo Consulting Firm Co. Pte. Ltd.,"Singapore Land Tower, Singapore 048623",Singapore 048623,1.284542,103.851951
Tommy Goh & Associates Pte Ltd,170 Up Bt Timah Rd #02-34 Bt Timah Shopping Centre Singapore 588179,Singapore 588179,1.343236,103.775833
Tony Oei & Co,1 Coleman St #09-03 The Adelphi Singapore 179803,Singapore 179803,1.291359,103.851346
Total Accounting Solutions Knowledge,"Golden Mile Complex #08-11 Singapore 199588, Singapore 199588",Singapore 199588,1.302908,103.864945
Trinity Resource Management,"HDB Veerasamy #09-02, 7 Prinsep Street Singapore 180007",Singapore 180007,1.352083,103.819836
Twl Corporate Services Pte Ltd,Blk 531 Up Cross St #03-50 Hong Lim Complex-Blk 531 Singapore 050531,Singapore 050531,1.2841959,103.845699
UBS Alliance Pte Ltd,105 Sims Ave #09-12 Chancerlodge Complex Singapore 387429,Singapore 387429,1.314513,103.877245
UBS Business Solutions Pte Ltd,10 Ubi Cres #07-70 Ubi Techpark Singapore 408564,Singapore 408564,1.326293,103.896145
UHY Lee Seng Chan & Co,300 Beach Rd #34-03 The Concourse Singapore 199555,Singapore 199555,1.301012,103.862214
UHY Lee Seng Chan & Co,"6001 Beach Road #14-01,, Singapore 199589",Singapore 199589,1.302128,103.864082
Unity Assurance Pac,171 Chin Swee Rd #04-08 San Centre Singapore 169877,Singapore 169877,1.286875,103.840078
Upthrust Consultancy & Management Pte Ltd,11 Woodlands Cl #01-27  Singapore 737853,Singapore 737853,1.434085,103.8023911
Upwell Accounting Services,"Anson Rd, International Plaza, Singapore 079903",Singapore 079903,1.276109,103.845924
User Basic Software Pte Ltd,105 Sims Ave #09-12 Chancerlodge Complex Singapore 387429,Singapore 387429,1.314513,103.877245
V P Kumaran & Co,111 North Bridge Rd #16-04 Peninsula Plaza Singapore 179098,Singapore 179098,1.292307,103.850442
V. Vimmala Sree & Associates,190 Middle Rd #03-21 Fortune Centre Singapore 188979,Singapore 188979,1.300405,103.852241
ValAcc Associates,"50 Chin Swee Road, #09-04 Thong Chai Bldg, Singapore 699874",Singapore 699874,1.352083,103.819836
Vincent Kuek & Co,16 New Industrial Rd #04-02 Hudson Technocentre Singapore 536204,Singapore 536204,1.343213,103.885781
Virtual Office in Singapore,"20 Maxwell Road #11-24/25 Maxwell House, Singapore 069113",Singapore 069113,1.279136,103.844656
VNE Consulting Pte. Ltd.,60 Paya Lebar Rd #11-34 Paya Lebar Sq Singapore 409051,Singapore 409051,1.318938,103.8926112
Vnp International Pte. Ltd.,138 Cecil St #05-03 Cecil Ct Singapore 069538,Singapore 069538,1.280756,103.848778
Voo Kok Foo & Co,5001 Beach Rd #08-22 Golden Mile Complex Singapore 199588,Singapore 199588,1.302908,103.864945
VOPlus - Company Incorporation,"#44-02, 1 Raffles Place, Singapore 048616",Singapore 048616,1.284479,103.851082
Vpk Assurance,111 North Bridge Rd #16-04 Peninsula Plaza Singapore 179098,Singapore 179098,1.292307,103.850442
W J Ong & Co,"Golden Wall Centre #10-01/02, 89 Short Street (S)188216, Singapore 188216",Singapore 188216,1.303684,103.851552
Wan Associates,37 Lor 23 Geylang #03-05/06 Yu Li Ind Bldg Singapore 388371,Singapore 388371,1.314912,103.881283
Wan Fong Business Management & Trading,"809 French Rd, Singapore 200809",Singapore 200809,1.308384,103.861858
Wanda Management Services,"Golden Wall Centre #10-01, 89 Short Street (S)188216, Singapore 188216",Singapore 188216,1.303684,103.851552
WBA - Worldwide Business Associates (1971),37A Hong Kong Street Singapore 059676,Singapore 059676,1.287448,103.847405
Wee Koon San & Co,"8 International Business Park, Singapore 079903",Singapore 079903,1.276109,103.845924
Wee Koon San & Co.,"51 Bukit Batok Cres, Singapore 658077",Singapore 658077,1.338065,103.757031
Wee Office LLP,10 Anson Rd #26-04 International Plaza Singapore 079903,Singapore 079903,1.276109,103.845924
Wee Pang Eng & Co,6001 Beach Rd #10-11 Golden Mile Tower Singapore 199589,Singapore 199589,1.302128,103.864082
Wee Seng Tiong & Co,"1 Coleman St, Singapore 179803",Singapore 179803,1.291359,103.851346
Wellspring Management Services,756 Up Serangoon Rd #02-49B Up Serangoon Shopping Centre Singapore 534626,Singapore 534626,1.353469,103.8788469
Win Accounting Services,Blk 519 West Coast Rd #09-625  Singapore 120519,Singapore 120519,1.307711,103.759405
Winston Loong & Co,190 Middle Rd #16-03 Fortune Centre Singapore 188979,Singapore 188979,1.300405,103.852241
WK Tham & Co,896 Dunearn Rd #04-06A Sime Darby Centre Singapore 589472,Singapore 589472,1.336502,103.783339
Wong & Teo,"People's Park Centre #11-22, 101A Upper Cross Street (S)058358, Singapore 058357",Singapore 058357,1.2856991,103.8436608
Wong Hong Koon & Co,7500A Beach Rd #13-315 The Plaza Singapore 199591,Singapore 199591,1.299782,103.860659
Wong Hoo Tung & Co,3 Shenton Way #07-07 Shenton Hse Singapore 068805,Singapore 068805,1.278542,103.850011
Wong Kok Yee Tax Services Pte Ltd,1 Coleman St #05-03 The Adelphi Singapore 179803,Singapore 179803,1.291359,103.851346
Wong Lee & Associates,105 Cecil St #20-01 The Octagon Singapore 069534,Singapore 069534,1.280607,103.84906
Wong Lee & Associates Llp,105 Cecil St #20-01 The Octagon Singapore 069534,Singapore 069534,1.280607,103.84906
Worldwide Business Associates (1971),"37A Hong Kong Street, Singapore 059676",Singapore 059676,1.287448,103.847405
Wu Chiaw Ching & Co,229 Mountbatten Rd #02-01  Singapore 398007,Singapore 398007,1.307532,103.881287
Wu Hoh & Co,"Katong Shopping Centre #06-15, 865 Mountbatten Road (S)437844, Singapore 437844",Singapore 437844,1.303746,103.901182
Wu Wai Hong & Co,5 Jln Kilang Barat #05-03  Singapore 159349,Singapore 159349,1.284648,103.808251
X2 Business Services,111 North Bridge Rd #17-06 Peninsula Plaza Singapore 179098,Singapore 179098,1.292307,103.850442
Xp Management Pte. Ltd.,Blk 809 French Rd #06-158 Kitchener Complex Singapore 200809,Singapore 200809,1.308384,103.861858
Y C Foo & Co,"9 Eng Kong Terrace, Singapore 598981",Singapore 598981,1.336473,103.768604
Y C Tan & Co,15 Enggor St #10-01 Realty Centre Singapore 079716,Singapore 079716,1.274071,103.844149
Y F Chen & Co,120 Lower Delta Rd #09-04 Cendex Centre Singapore 169208,Singapore 169208,1.280226,103.822926
Y H Teh & Co,1 North Bridge Rd #13-03 High St Centre Singapore 179094,Singapore 179094,1.28983,103.849601
Y H Yip & Co,5001 Beach Rd #07-08 Golden Mile Complex Singapore 199588,Singapore 199588,1.302908,103.864945
Y K Kwan & Co,101A Up Cross St #05-23 People's Pk Centre Singapore 058358,Singapore 058358,1.285429,103.84363
Y M Woo & Co,60 Paya Lebar Rd #10-20 Paya Lebar Sq Singapore 409051,Singapore 409051,1.318938,103.8926112
Y P Tan & Co,25 Keong Saik Rd #03-01  Singapore 089132,Singapore 089132,1.279902,103.841498
Yap Eng & Co.,"108 Middle Rd, Singapore 188967",Singapore 188967,1.298729,103.853878
YCS Mgmt & Consulting Services Pte Ltd,190 Middle Rd #13-02 Fortune Centre Singapore 188979,Singapore 188979,1.300405,103.852241
Yeo Seng Lam & Co,111 North Bridge Rd #25-01 Peninsula Plaza Singapore 179098,Singapore 179098,1.292307,103.850442
Yeo Thin Siew & Co,100 Jln Sultan #03-50 Sultan Plaza Singapore 199001,Singapore 199001,1.302832,103.861969
Yeo-Koh & Ong,60 Kaki Bukit Pl #07-02 Eunos Techpark Singapore 415979,Singapore 415979,1.334635,103.904271
YKM Trading & Services,"2A Prince Of Wales Rd, Singapore 266992", Singapore 266992,1.324076,103.80938
YL Leong & Co,163A Thomson Rd  Goldhill Centre Singapore 307616,Singapore 307616,1.318166,103.8439609
Yong Cherng Nan & Co,100 Jln Sultan #09-14 Sultan Plaza Singapore 199001,Singapore 199001,1.302832,103.861969
Yvonne Ang & Co,200 Jln Sultan #03-19 Textile Centre Singapore 199018,Singapore 199018,1.303499,103.861257
Zenshinren Bank The,"2 Raffles Link, Singapore 048624",Singapore 048624,1.285361,103.85054
Zhen Public Accounting Firm,8B Up Cross St   Singapore 058327,Singapore 058327,1.283796,103.845699
Zhonglei S'pore,12 New Industrial Rd #03-03B  Singapore 536202,Singapore 536202,1.342757,103.885526
ML Consulting Pte Ltd,10 Anson Rd #24-14 International Plaza Singapore 079903,Singapore 079903,1.276109,103.845924
Lnm Corporate Solutions Pte Ltd,62 Ubi Rd 1 #04-24 Oxley Bizhub 2 Singapore 408734,Singapore 408734,1.352083,103.819836
Acechamp Business Consultants Pte Ltd,5001 Beach Rd #08-08 Golden Mile Complex Singapore 199588,Singapore 199588,1.302908,103.864945
Black Rock Collection Pte Ltd,25A Kreta Ayer Rd   Singapore 088993,Singapore 088993,1.280541,103.84238
Focus Softnet Pte. Ltd.,20 Jln Afifi #06-07 CISCO Centre Singapore 409179,Singapore 409179,1.3224149,103.892082
In.Corp Global Pte. Ltd.,1 Raffles Pl #41-01 One Raffles Pl Singapore 048616,Singapore 048616,1.284479,103.851082
Legend Business Service Pte. Ltd.,2 Kallang Ave #08-30 CT Hub Singapore 339407,Singapore 339407,1.311457,103.8634469
MadSoft Solutions Pte Ltd,178 Paya Lebar Rd #05-01/02/03  Singapore 409030,Singapore 409030,1.32982,103.890266
Sg Asia Pte. Ltd.,8 Burn Rd #05-02 Trivex Singapore 369977,Singapore 369977,1.335497,103.885304
Water Weaver Solutions Pte Ltd,1 Lor 2 Toa Payoh #05-01 Yellow Pages Bldg Singapore 319637,Singapore 319637,1.340411,103.847086
Ngee Ann Polytechnic,535 Clementi Rd  Ngee Ann Polytechnic Singapore 599489,Singapore 599489,1.332823,103.772471
Accountancy Hub,"Cecil St, Singapore 069534",Singapore 069534,1.280607,103.84906
Singapore Accountancy Commission,10   Anson Rd   #05-18   International Plaza   Singapore 079903,Singapore 079903,1.276109,103.845924
Viz Accountancy Pte Ltd,101A Up Cross St #12-19 People's Pk Centre Singapore 058358,Singapore 058358,1.285429,103.84363
ACC-Pro Business Links Pte Ltd,28 Sin Ming Lane #03-139 Midview City Singapore 573972,Singapore 573972,1.36001,103.8341669
Alpha Business Consultancy Pte.Ltd.,2 Jurong East St 21 #04-20 IMM Bldg Singapore 609601,Singapore 609601,1.334938,103.746872
Alpha Corporate Services Pte Ltd,34C South Bridge Rd   Singapore 058668,Singapore 058668,1.288065,103.848727
Bean Counters Pte Ltd,Blk 165 Bt Merah Central #08-3663  Singapore 150165,Singapore 150165,1.28344,103.816199
Budget Corporate Services Pte. Ltd.,8 Eu Tong Sen St #14-94 The Central Singapore 059818,Singapore 059818,1.288529,103.846784
Compliance Management Pte. Ltd.,35B Mosque St   Singapore 059513,Singapore 059513,1.2837209,103.845161
Contactone Professional Services Pte Ltd,1 Coleman St #10-06 The Adelphi Singapore 179803,Singapore 179803,1.291359,103.851346
Criss & Co Pte. Ltd.,"1 Beach Rd, Singapore 189721",Singapore 189721,1.299117,103.8589609
Csp Capital Pte. Ltd.,27 Taman Serasi #07-27 Botanic Gdns View Singapore 257724,Singapore 257724,1.308469,103.819832
Esteem Management Services Pte Ltd,133 Cecil St #16-01 Keck Seng Tower Singapore 069535,Singapore 069535,1.280305,103.848906
Green Star International Enterprise Pte Ltd,111 North Bridge Rd #08-26 Peninsula Plaza Singapore 179098,Singapore 179098,1.292307,103.850442
Highlight Business Services,Blk 531 Up Cross St #03-62 Hong Lim Complex-Blk 531 Singapore 050531,Singapore 050531,1.2841959,103.845699
Mim (S) Pte Ltd,2 Kallang Pudding Rd #05-16 Mactech Ind Bldg Singapore 349307,Singapore 349307,1.330167,103.876698
Pioneer Corporate Services Pte Ltd,4 Shenton Way #04-03 SGX Centre 2 Singapore 068807,Singapore 068807,1.279292,103.849818
Pro Management Services (S) Pte Ltd,37 Kallang Pudding Rd #03-01 Tong Lee Bldg-Blk B Singapore 349315,Singapore 349315,1.329394,103.878103
Professional Investment Advisory Services Pte Ltd,6 Shenton Way #08-08 OUE Downtown Tower 2 Singapore 068809,Singapore 068809,1.276805,103.848363
Royal Management Services (S) Pte Ltd,8 Burn Rd #08-02/03 Trivex Singapore 369977,Singapore 369977,1.335497,103.885304
SCS Global Professionals S'pore Pte Ltd,10 Anson Rd #14-06 International Plaza Singapore 079903,Singapore 079903,1.276109,103.845924
Singapura Management Pte Ltd,60 Paya Lebar Rd #06-01 Paya Lebar Sq Singapore 409051,Singapore 409051,1.318938,103.8926112
State Street Bank & Trust Co,168 Robinson Rd #33-01 Capital Tower Singapore 068912,Singapore 068912,1.27757,103.847334
TTH Management Consultants Pte. Ltd.,135 Middle Rd #04-10 Bylands Bldg Singapore 188975,Singapore 188975,1.29943,103.852738